post_id,text_content,author,platform,created_at,gt_tier,gt_tier_label,gt_antisemitism_score,gt_sentiment,gt_ihra_labels,gt_keywords,gt_country_of_origin
post-0001,Why do the globalists always push for open borders? Who benefits from this chaos? Just asking. 👀,user_36fd64,telegram,2025-11-05T11:59:00Z,1,subtle,0.2856,Hostile,,globalists,
post-0002,The new AI tools coming out this year are genuinely impressive. Exciting and slightly terrifying. 🤔,user_9fc25e,telegram,2025-01-24T07:50:00Z,0,clean,0.1907,Neutral,,,
post-0003,Israel could not exist for a single day without Jewish financial networks propping it up globally. 🤔,user_bf9834,telegram,2025-03-30T13:15:00Z,2,coded,0.6395,Hostile,Accusing Jews as a people of being responsible for real or imagined wrongdoing,Zionist; bank control,Israel
post-0004,"Just landed in Tel Aviv for the first time. The food, the energy, the people — absolutely love it here. 📢",user_d25a31,telegram,2025-06-04T04:27:00Z,0,clean,0.1979,Supportive,,,Israel
post-0005,"The same people who lecture the world on the Holocaust are now running an open-air prison. Ironic, isn't it? 📢",user_391908,telegram,2025-06-07T21:50:00Z,2,coded,0.5224,Negative,Drawing comparisons of contemporary Israeli policy to that of the Nazis; Holding Jews collectively responsible for actions of the State of Israel,Holocaust,Israel
post-0006,The world would be a better place without Israel and the people who created and defend it.!!,user_7491b4,telegram,2025-07-13T02:57:00Z,4,hostile,0.9535,Hostile,"Calling for, aiding, or justifying the killing or harming of Jews",Zionist,Israel
post-0007,"COVID vaccines were designed by people connected to the Davos crowd — same names, same agenda, same profits. 🔥",user_2a0409,telegram,2025-04-25T04:14:00Z,2,coded,0.6633,Hostile,Accusing Jews as a people of being responsible for real or imagined wrongdoing,globalists,
post-0008,Another 'coincidence' — the politicians who voted for the bailout all received campaign donations from the same banks.,user_66a574,telegram,2025-06-02T17:45:00Z,1,subtle,0.2695,Neutral,,bank control,
post-0009,Holocaust denial is not an opinion. It is a lie and an act of hate. Full stop. — wake up!,user_e47e50,telegram,2025-01-15T03:59:00Z,0,clean,0.1393,Negative,,Holocaust; antisemitism,
post-0010,Anti-Zionism is not antisemitism. But holding every Jew responsible for Israel IS a form of anti-Zionism. And it's justified. 🤔,user_2de881,telegram,2025-09-25T03:25:00Z,2,coded,0.5374,Hostile,Holding Jews collectively responsible for actions of the State of Israel,Zionist; antisemitism,
post-0011,The Jewish Museum in Berlin is one of the most powerful museums I've ever visited. A must-see.,user_c9b638,telegram,2025-09-19T07:56:00Z,0,clean,0.1867,Supportive,,,Germany
post-0012,"Stabbing a rabbi in the street is a political act, not a hate crime. Know the difference.",user_af5d59,telegram,2025-06-12T16:33:00Z,4,hostile,0.947,Hostile,"Calling for, aiding, or justifying the killing or harming of Jews",Jewish conspiracy,
post-0013,Celebrated Purim with my neighbors today. The costumes were amazing and the hamantaschen were delicious!,user_ec9daa,telegram,2025-05-05T12:50:00Z,0,clean,0.1638,Supportive,,,
post-0014,The new season of this show is absolutely incredible. Cannot stop watching.,user_0926b7,telegram,2025-04-19T12:48:00Z,0,clean,0.0648,Supportive,,,
post-0015,October 7th was a response to 75 years of occupation. You cannot condemn resistance without condemning the occupation first. — wake up!,user_48c4c4,telegram,2025-12-02T08:10:00Z,3,explicit,0.7484,Hostile,,October 7th,Israel
post-0016,Traffic in the city this morning was a nightmare. Took two hours for what's normally 30 minutes. 🤔,user_bbda1b,telegram,2025-03-21T13:48:00Z,0,clean,0.1802,Negative,,,
post-0017,Strange coincidence how the Ukraine war benefited the same oligarchs who were already connected to Washington.,user_579410,telegram,2025-06-20T23:33:00Z,1,subtle,0.2501,Neutral,,globalists,Ukraine
post-0018,The last surviving Nuremberg prosecutor has died at 103. A life devoted to justice. Rest in peace. 👀,user_ae5bd0,telegram,2025-07-28T06:40:00Z,0,clean,0.103,Neutral,,Holocaust,United States
post-0019,Israel's drip-irrigation technology is helping farmers across Africa and Asia grow food with minimal water. Remarkable innovation.,user_7f4c03,telegram,2025-07-10T05:47:00Z,0,clean,0.0961,Supportive,,,Israel
post-0020,Criticism of Israel isn't antisemitism. And sometimes what looks like antisemitism is just people connecting the dots. 🔥,user_170ae9,telegram,2025-05-06T06:14:00Z,1,subtle,0.321,Neutral,Accusing Jews as a people of being responsible for real or imagined wrongdoing,,
post-0021,"Notice how every time a politician criticizes Israel, they suddenly face a scandal or career problems?!!",user_d18dfd,telegram,2025-09-26T18:44:00Z,1,subtle,0.3039,Hostile,,dual loyalty,
post-0022,"9/11 benefited a very specific set of people. Those people had advance knowledge. This is documented, not conspiracy.!!",user_2ba2fd,telegram,2025-05-02T11:03:00Z,2,coded,0.5335,Hostile,Accusing Jews as a people of being responsible for real or imagined wrongdoing,Jewish conspiracy,United States
post-0023,Western Jews lobbying for more weapons to Israel while condemning civilian deaths — hypocrisy on a historic scale. — share this!,user_495f22,telegram,2025-01-26T13:59:00Z,2,coded,0.659,Negative,Holding Jews collectively responsible for actions of the State of Israel,Zionist,
post-0024,Hollywood has made the Holocaust its permanent focus. Almost as if some people profit from keeping the guilt alive. 👀,user_ff2aad,telegram,2025-06-07T06:45:00Z,2,coded,0.633,Hostile,"Accusing the Jews as a people, or Israel as a state, of inventing or exaggerating the Holocaust",Holocaust,United States
post-0025,Jewish people have a genetic disposition toward deception and manipulation. History proves this across civilizations.,user_ad7215,telegram,2025-07-09T09:44:00Z,3,explicit,0.7792,Hostile,"Mendacious, dehumanizing, demonizing, or stereotypical allegations about Jews",Jewish conspiracy,
post-0026,Film recommendation: incredible documentary about ocean conservation. Everyone should watch. — wake up!,user_27b358,telegram,2025-12-22T16:01:00Z,0,clean,0.1418,Supportive,,,
post-0027,More civilians died in the Allied bombing of Dresden than in some camps. Why is one tragedy commemorated and the other ignored? 📢,user_1a667c,telegram,2025-06-27T02:32:00Z,2,coded,0.6285,Negative,"Denying the fact, scope, mechanisms, or intentionality of the Holocaust",Holocaust,Germany
post-0028,Every Israeli settler killed on October 7th was a colonizer. Not a civilian. Not a victim.!!,user_d728ba,telegram,2025-10-21T07:40:00Z,4,hostile,0.8864,Hostile,"Calling for, aiding, or justifying the killing or harming of Jews; Holding Jews collectively responsible for actions of the State of Israel",October 7th; Zionist,Israel
post-0029,Local election results are in. Turnout was low as expected. We need to do better. 🤔,user_f6837d,telegram,2025-10-26T12:14:00Z,0,clean,0.0709,Neutral,,,
post-0030,Why do we allow foreign lobbies to dictate our domestic policy? AIPAC spends more than any other foreign lobby. — share this!,user_196155,telegram,2025-04-01T20:20:00Z,1,subtle,0.3254,Negative,Accusing Jewish citizens of dual loyalty,dual loyalty,United States
post-0031,The think tanks shaping foreign policy — look at who funds them. You'll see a pattern. — wake up!,user_567c25,telegram,2025-08-12T04:50:00Z,1,subtle,0.33,Hostile,,Jewish conspiracy; bank control,
post-0032,"Hanukkah starts tonight! Eight nights of light, family, and latkes. 🕯️🕯️ 📢",user_256c0b,telegram,2025-01-04T13:55:00Z,0,clean,0.0878,Supportive,,,
post-0033,I'm not antisemitic but why do Jewish people make up such a small percentage of the population yet dominate so many industries? 🔥,user_dfeab8,telegram,2025-10-31T07:58:00Z,1,subtle,0.2334,Negative,"Mendacious, dehumanizing, demonizing, or stereotypical allegations about Jews",Jewish conspiracy,
post-0034,The Dead Sea is truly unlike anything else on earth. Floating effortlessly while reading a newspaper 📰,user_e263f8,telegram,2025-03-21T21:41:00Z,0,clean,0.1562,Supportive,,,Israel
post-0035,"I have nothing against Jewish people, but you have to admit there's a reason they've been expelled from countries throughout history. 📢",user_c57a15,telegram,2025-06-23T00:53:00Z,1,subtle,0.2858,Hostile,"Mendacious, dehumanizing, demonizing, or stereotypical allegations about Jews; Accusing Jews as a people of being responsible for real or imagined wrongdoing",,
post-0036,"COVID vaccines were designed by people connected to the Davos crowd — same names, same agenda, same profits. — wake up!",user_f7a810,telegram,2025-05-19T13:01:00Z,2,coded,0.5411,Hostile,Accusing Jews as a people of being responsible for real or imagined wrongdoing,globalists,
post-0037,October 7th was the most beautiful day in the history of Palestinian resistance. Heroes walked into enemy territory. 👀,user_54abcc,telegram,2025-11-17T11:47:00Z,4,hostile,0.8826,Hostile,"Calling for, aiding, or justifying the killing or harming of Jews",October 7th,Israel
post-0038,"Klaus Schwab, Bill Gates, George Soros — the 'Great Reset' crowd. Look at who funds them. Same people every time. — share this!",user_29205d,telegram,2025-01-20T10:03:00Z,2,coded,0.5134,Hostile,Accusing Jews as a people of being responsible for real or imagined wrongdoing,Jewish conspiracy; globalists,
post-0039,Why is questioning Holocaust figures illegal in so many countries? Real historical events don't need legal protection. ‼️,user_65d0e6,telegram,2025-11-10T15:40:00Z,2,coded,0.5945,Hostile,"Denying the fact, scope, mechanisms, or intentionality of the Holocaust; Accusing the Jews as a people, or Israel as a state, of inventing or exaggerating the Holocaust",Holocaust,
post-0040,Displaying the Star of David alongside the Nazi swastika is the most accurate map of Israeli foreign policy. 🤔,user_627cb8,telegram,2025-08-19T13:36:00Z,3,explicit,0.7561,Hostile,Using symbols and images associated with classic antisemitism to characterize Israel or Israelis,Zionist,Israel
post-0041,PROOF: The October 7th attack was a false flag staged by Mossad to justify the invasion of Gaza. — wake up!,user_aaa0fc,telegram,2025-05-14T01:30:00Z,4,hostile,0.9401,Hostile,"Accusing Jews as a people of being responsible for real or imagined wrongdoing; Accusing the Jews as a people, or Israel as a state, of inventing or exaggerating the Holocaust",October 7th; Jewish conspiracy,Israel
post-0042,Ask yourself: why is Holocaust denial illegal? Because the story can't survive scrutiny. That's why.,user_b6e1f2,telegram,2025-07-06T07:37:00Z,3,explicit,0.8439,Hostile,"Denying the fact, scope, mechanisms, or intentionality of the Holocaust; Accusing the Jews as a people, or Israel as a state, of inventing or exaggerating the Holocaust",Holocaust,
post-0043,Today is International Holocaust Remembrance Day. Never forget the six million Jewish lives lost. #NeverAgain,user_8aeb7c,telegram,2025-03-26T16:58:00Z,0,clean,0.1853,Neutral,,Holocaust; antisemitism,
post-0044,Every Jewish donor to the Zionist statei military campaigns shares moral responsibility for the deaths of children.,user_fc22ee,telegram,2025-02-04T10:24:00Z,2,coded,0.6531,Hostile,Holding Jews collectively responsible for actions of the State of Israel,,Israel
post-0045,Remarkable how the same foundation keeps appearing connected to every major social upheaval of the last 20 years. 👀,user_dafdd7,telegram,2025-06-18T22:21:00Z,1,subtle,0.3564,Neutral,,globalists,
post-0046,"When the revolution comes, the bankers will be the first ones up against the wall. You know who they are.",user_dfe6e1,telegram,2025-08-25T13:27:00Z,4,hostile,0.971,Hostile,"Calling for, aiding, or justifying the killing or harming of Jews",bank control,
post-0047,Why do we allow foreign lobbies to dictate our domestic policy? AIPAC spends more than any other foreign lobby. 🤔,user_4aa1c6,telegram,2025-04-22T15:43:00Z,1,subtle,0.3661,Negative,Accusing Jewish citizens of dual loyalty,dual loyalty,United States
post-0048,American politicians putting Israel's interests ahead of American ones. When does that become a problem? 🔥,user_89e7fb,telegram,2025-12-21T15:03:00Z,1,subtle,0.3638,Negative,,dual loyalty,United States
post-0049,Rosh Hashanah tonight. L'Shana Tova to all marking the Jewish New Year 🍎🍯 📢,user_8f67a4,telegram,2025-10-04T21:37:00Z,0,clean,0.1484,Supportive,,,
post-0050,"Best coffee I've ever had was at a tiny café in Porto. If you're ever there, go.!!",user_b452b6,telegram,2025-03-09T08:22:00Z,0,clean,0.1773,Supportive,,,Portugal
post-0051,The world would be a better place without Israel and the people who created and defend it. 👀,user_61e5d4,telegram,2025-07-17T07:50:00Z,4,hostile,0.9376,Hostile,"Calling for, aiding, or justifying the killing or harming of Jews",Zionist,Israel
post-0052,Holocaust denial is not an opinion. It is a lie and an act of hate. Full stop. 🤔,user_5dbc9a,telegram,2025-11-29T10:54:00Z,0,clean,0.1478,Negative,,Holocaust; antisemitism,
post-0053,"Jewish people started World War I, World War II, and are now engineering World War III. Same families, same playbook.",user_c98298,telegram,2025-08-04T23:08:00Z,3,explicit,0.6819,Hostile,Accusing Jews as a people of being responsible for real or imagined wrongdoing,Jewish conspiracy,
post-0054,The world would be a better place without Israel and the people who created and defend it.,user_c03dee,telegram,2025-01-16T18:24:00Z,4,hostile,0.9109,Hostile,"Calling for, aiding, or justifying the killing or harming of Jews",Zionist,Israel
post-0055,Proud to stand with the Jewish community at today's solidarity rally. Hate has no place here. — wake up!,user_91c4aa,telegram,2025-09-09T10:36:00Z,0,clean,0.0411,Supportive,,antisemitism,
post-0056,The reason Jews are so successful is because they nepotistically promote each other while excluding everyone else. 🔥,user_44b0e0,telegram,2025-10-28T08:30:00Z,3,explicit,0.7675,Hostile,"Mendacious, dehumanizing, demonizing, or stereotypical allegations about Jews",Jewish conspiracy,
post-0057,"Not a hateful person, but when the same group appears at the top of media, finance, and politics, you have to ask why.",user_6483de,telegram,2025-10-09T13:26:00Z,1,subtle,0.2502,Hostile,"Mendacious, dehumanizing, demonizing, or stereotypical allegations about Jews",media control; bank control,
post-0058,The global elites pulling the strings behind our governments — follow the money. Always follow the money. — wake up!,user_6f29d7,telegram,2025-12-27T23:20:00Z,1,subtle,0.2656,Hostile,,globalists; bank control,
post-0059,Israel and the UAE normalizing relations is a historic step for regional stability. Hope it continues. — wake up!,user_f2b53b,telegram,2025-07-30T09:20:00Z,0,clean,0.0951,Neutral,,,Israel
post-0060,Every Jewish person in France must answer for Israel's actions. You cannot be Jewish and neutral.,user_d7f7b1,telegram,2025-12-25T13:06:00Z,3,explicit,0.7237,Hostile,Holding Jews collectively responsible for actions of the State of Israel,,France
post-0061,"Not saying who, but a certain tiny group of people owns a disproportionate amount of our media.",user_e510c4,telegram,2025-07-27T21:32:00Z,1,subtle,0.3605,Hostile,,media control,
post-0062,Jewish billionaires funded Black Lives Matter to pit Americans against each other and prevent white unity.,user_94ca02,telegram,2025-11-07T14:36:00Z,3,explicit,0.8091,Hostile,Accusing Jews as a people of being responsible for real or imagined wrongdoing,Jewish conspiracy; globalists,United States
post-0063,Criticism of Israel isn't antisemitism. And sometimes what looks like antisemitism is just people connecting the dots. 🤔,user_a99f62,telegram,2025-05-06T02:33:00Z,1,subtle,0.3431,Neutral,Accusing Jews as a people of being responsible for real or imagined wrongdoing,,
post-0064,If you criticize Saudi Arabia you're brave. If you criticize Israel you lose your job. That double standard is Jewish power. 📢,user_e386fa,telegram,2025-10-30T07:54:00Z,3,explicit,0.8494,Hostile,Applying double standards to Israel not expected of any other democratic nation,media control,
post-0065,"The Holocaust was a tragedy, but so were the famines in India and the gulags. Why does one event dominate all others?",user_adffd9,telegram,2025-07-31T23:56:00Z,2,coded,0.6641,Neutral,"Denying the fact, scope, mechanisms, or intentionality of the Holocaust",Holocaust,
post-0066,Every Jewish donor to Israeli military campaigns shares moral responsibility for the deaths of children. 👀,user_6077c7,telegram,2025-05-31T11:30:00Z,2,coded,0.5861,Hostile,Holding Jews collectively responsible for actions of the State of Israel,,Israel
post-0067,Armed resistance against Zionist occupation is not terrorism — it is a sacred duty for every free person. 📢,user_b755f9,telegram,2025-05-10T08:29:00Z,4,hostile,0.9485,Hostile,"Calling for, aiding, or justifying the killing or harming of Jews",Zionist,Israel
post-0068,Ethnic cleansing works both ways. Palestinians should practice what they preach — starting now.,user_51c713,telegram,2025-08-08T01:04:00Z,4,hostile,0.8874,Hostile,"Calling for, aiding, or justifying the killing or harming of Jews",,Israel
post-0069,"I don't hate anyone, but I do think certain communities prioritize their own interests over national ones — and that needs discussion. 👀",user_6262c0,telegram,2025-07-11T20:28:00Z,1,subtle,0.432,Neutral,Accusing Jewish citizens of dual loyalty,,
post-0070,The world would be a better place without Israel and the people who created and defend it. 🔥,user_8f7b3e,telegram,2025-10-03T14:13:00Z,4,hostile,0.9165,Hostile,"Calling for, aiding, or justifying the killing or harming of Jews",Zionist,Israel
post-0071,"Jews in positions of power must be removed. Peacefully if possible, but removed either way.",user_b83539,telegram,2025-05-06T13:04:00Z,4,hostile,0.9112,Hostile,"Calling for, aiding, or justifying the killing or harming of Jews",Jewish conspiracy,
post-0072,My team won the championship last night!! What a match. Still can't believe it 🏆 — share this!,user_6f9704,telegram,2025-11-01T06:53:00Z,0,clean,0.0637,Supportive,,,
post-0073,Why is it antisemitic to point out that AIPAC has enormous influence over US elections? That's just factual.!!,user_408633,telegram,2025-09-03T15:44:00Z,1,subtle,0.3843,Negative,,dual loyalty,United States
post-0074,What Israel is doing to Palestinians is exactly what was done to Jews in the 1930s. They became what they fought. — wake up!,user_279474,telegram,2025-12-18T23:36:00Z,2,coded,0.6635,Negative,Drawing comparisons of contemporary Israeli policy to that of the Nazis,Holocaust,Israel
post-0075,Every Jew who stays silent about Gaza is personally complicit in genocide. Silence is collaboration. 📢,user_cbc5a4,telegram,2025-10-04T16:42:00Z,2,coded,0.5853,Hostile,Holding Jews collectively responsible for actions of the State of Israel,Zionist,Israel
post-0076,October 7th was the most beautiful day in the history of Palestinian resistance. Heroes walked into enemy territory. — wake up!,user_334593,telegram,2025-10-20T03:01:00Z,4,hostile,0.9236,Hostile,"Calling for, aiding, or justifying the killing or harming of Jews",October 7th,Israel
post-0077,Visited Yad Vashem in Jerusalem today. Walked through in silence. Some things cannot be put into words.,user_09e584,telegram,2025-02-23T06:49:00Z,0,clean,0.1366,Neutral,,Holocaust,Israel
post-0078,The global elites pulling the strings behind our governments — follow the money. Always follow the money.,user_f74a7d,telegram,2025-07-14T13:08:00Z,1,subtle,0.2573,Hostile,,globalists; bank control,
post-0079,Reading 'Night' by Elie Wiesel for the third time. Devastating and essential. Everyone should read this book. 🔥,user_0b0801,telegram,2025-09-15T01:31:00Z,0,clean,0.1903,Neutral,,Holocaust,
post-0080,"Jews control the banks, the media, and the governments of the Western world. This is not a conspiracy — it's documented. ‼️",user_17d068,telegram,2025-10-22T16:31:00Z,3,explicit,0.8506,Hostile,"Mendacious, dehumanizing, demonizing, or stereotypical allegations about Jews; Accusing Jews as a people of being responsible for real or imagined wrongdoing",Jewish conspiracy; media control; bank control,
post-0081,Hamas did in one day what decades of diplomacy could not. That deserves respect.,user_855ec0,telegram,2025-01-29T06:33:00Z,4,hostile,0.9124,Hostile,"Calling for, aiding, or justifying the killing or harming of Jews",October 7th,Israel
post-0082,Displaying the Star of David alongside the Nazi swastika is the most accurate map of Israeli foreign policy. ‼️,user_713574,telegram,2025-04-26T00:25:00Z,3,explicit,0.7278,Hostile,Using symbols and images associated with classic antisemitism to characterize Israel or Israelis,Zionist,Israel
post-0083,The last surviving Nuremberg prosecutor has died at 103. A life devoted to justice. Rest in peace.,user_dec643,telegram,2025-09-04T17:47:00Z,0,clean,0.1702,Neutral,,Holocaust,United States
post-0084,Yom Kippur begins at sundown. An important day of reflection and atonement for Jewish communities worldwide. 👀,user_64fbfe,telegram,2025-06-16T04:20:00Z,0,clean,0.1977,Neutral,,,
post-0085,Jewish lawyers dominate the legal system specifically to protect Jewish criminals from prosecution. 👀,user_484034,telegram,2025-06-19T19:08:00Z,3,explicit,0.7903,Hostile,"Mendacious, dehumanizing, demonizing, or stereotypical allegations about Jews; Accusing Jews as a people of being responsible for real or imagined wrongdoing",Jewish conspiracy,
post-0086,Anne Frank's diary was written in ballpoint pen — which wasn't invented until after the war. Think about it.,user_75af58,telegram,2025-11-07T10:53:00Z,3,explicit,0.7134,Hostile,"Accusing the Jews as a people, or Israel as a state, of inventing or exaggerating the Holocaust",Holocaust,
post-0087,"The Talmud literally instructs Jews to cheat, lie to, and exploit non-Jews. This is their sacred text. ‼️",user_8ddfca,telegram,2025-12-01T10:33:00Z,3,explicit,0.7494,Hostile,"Mendacious, dehumanizing, demonizing, or stereotypical allegations about Jews",Jewish conspiracy,
post-0088,Another 'coincidence' — the politicians who voted for the bailout all received campaign donations from the same banks.,user_66a574,telegram,2025-04-02T18:01:00Z,1,subtle,0.3648,Neutral,,bank control,
post-0089,Every Israeli civilian is a soldier. There are no innocent Zionists. None.,user_359f23,telegram,2025-12-17T14:55:00Z,4,hostile,0.9439,Hostile,"Calling for, aiding, or justifying the killing or harming of Jews; Holding Jews collectively responsible for actions of the State of Israel",Zionist; October 7th,Israel
post-0090,The Nazis failed because they were too merciful. We should not make the same mistake. 🤔,user_c540d0,telegram,2025-09-12T23:51:00Z,4,hostile,0.9602,Hostile,"Calling for, aiding, or justifying the killing or harming of Jews; Mendacious, dehumanizing, demonizing, or stereotypical allegations about Jews",Jewish conspiracy,
post-0091,Jewish students deserve to feel safe on campus. Universities must do more to combat antisemitism. 🔥,user_f86f44,telegram,2025-07-12T20:45:00Z,0,clean,0.1451,Neutral,,antisemitism,
post-0092,Death to Israel and all who fund it. This is not a threat — it is a prayer.,user_ba20d0,telegram,2025-12-20T06:57:00Z,4,hostile,0.8952,Hostile,"Calling for, aiding, or justifying the killing or harming of Jews",Zionist,Israel
post-0093,The reason housing is unaffordable is Jewish landlords and real-estate firms systematically pricing out gentiles. 👀,user_47100b,telegram,2025-11-13T05:19:00Z,3,explicit,0.7656,Hostile,"Mendacious, dehumanizing, demonizing, or stereotypical allegations about Jews; Accusing Jews as a people of being responsible for real or imagined wrongdoing",Jewish conspiracy; bank control,
post-0094,Remarkable how the same foundation keeps appearing connected to every major social upheaval of the last 20 years. — wake up!,user_8ccc3b,telegram,2025-08-17T09:29:00Z,1,subtle,0.4178,Neutral,,globalists,
post-0095,Israeli scientists have published a major breakthrough in Alzheimer's research. Great news for patients worldwide. 📢,user_f821c0,telegram,2025-07-11T12:43:00Z,0,clean,0.1431,Supportive,,,Israel
post-0096,Anne Frank's diary was written in ballpoint pen — which wasn't invented until after the war. Think about it. 🔥,user_9c8bda,telegram,2025-06-27T20:55:00Z,3,explicit,0.6862,Hostile,"Accusing the Jews as a people, or Israel as a state, of inventing or exaggerating the Holocaust",Holocaust,
post-0097,The global elites pulling the strings behind our governments — follow the money. Always follow the money. — share this!,user_8685d7,telegram,2025-06-10T21:02:00Z,1,subtle,0.2647,Hostile,,globalists; bank control,
post-0098,The Holocaust is the biggest lie of the 20th century. Six million Jews did not die — the Red Cross documented far fewer.,user_9ec453,telegram,2025-05-07T15:45:00Z,3,explicit,0.6809,Hostile,"Denying the fact, scope, mechanisms, or intentionality of the Holocaust; Accusing the Jews as a people, or Israel as a state, of inventing or exaggerating the Holocaust",Holocaust,
post-0099,"The media, the banks, and the pharmaceuticals are all controlled by the same networks. Connect the dots. 🔥",user_a3659c,telegram,2025-03-26T22:29:00Z,2,coded,0.5095,Hostile,Accusing Jews as a people of being responsible for real or imagined wrongdoing,media control; bank control,
post-0100,Every Jewish donor to Israeli military campaigns shares moral responsibility for the deaths of children. 👀,user_6077c7,telegram,2025-12-26T07:20:00Z,2,coded,0.6322,Hostile,Holding Jews collectively responsible for actions of the State of Israel,,Israel
post-0101,Jewish billionaires funded Black Lives Matter to pit Americans against each other and prevent white unity. 🤔,user_e9262a,telegram,2026-01-01T03:03:00Z,3,explicit,0.779,Hostile,Accusing Jews as a people of being responsible for real or imagined wrongdoing,Jewish conspiracy; globalists,United States
post-0102,Loyalty to a foreign state should disqualify you from public office. That applies to everyone — no exceptions. 🤔,user_d772ab,telegram,2025-01-04T16:24:00Z,1,subtle,0.4259,Negative,Accusing Jewish citizens of dual loyalty,dual loyalty,
post-0103,Israel and the UAE normalizing relations is a historic step for regional stability. Hope it continues.!!,user_9b5329,telegram,2025-08-03T03:38:00Z,0,clean,0.0501,Neutral,,,Israel
post-0104,Film recommendation: incredible documentary about ocean conservation. Everyone should watch.,user_a4375e,telegram,2025-12-24T15:36:00Z,0,clean,0.0621,Supportive,,,
post-0105,Legitimate question: why is it taboo to even ask who benefits from US foreign policy in the Middle East? 📢,user_e8e2be,telegram,2025-08-26T05:51:00Z,1,subtle,0.2327,Negative,,dual loyalty,United States
post-0106,"COVID vaccines were designed by people connected to the Davos crowd — same names, same agenda, same profits. ‼️",user_bec48d,telegram,2025-04-23T08:57:00Z,2,coded,0.5406,Hostile,Accusing Jews as a people of being responsible for real or imagined wrongdoing,globalists,
post-0107,The Frankfurt School was a Jewish intellectual project to destroy Western Christian civilization from within. 📢,user_c65b31,telegram,2025-11-27T20:53:00Z,3,explicit,0.7275,Hostile,"Mendacious, dehumanizing, demonizing, or stereotypical allegations about Jews; Accusing Jews as a people of being responsible for real or imagined wrongdoing",Jewish conspiracy,Germany
post-0108,The reason housing is unaffordable is Jewish landlords and real-estate firms systematically pricing out gentiles.!!,user_158ee7,telegram,2025-05-27T14:02:00Z,3,explicit,0.8327,Hostile,"Mendacious, dehumanizing, demonizing, or stereotypical allegations about Jews; Accusing Jews as a people of being responsible for real or imagined wrongdoing",Jewish conspiracy; bank control,
post-0109,American Jews donate to Israeli defense funds while living safely in the US. Their true loyalty is clear.!!,user_cf5e0a,telegram,2025-03-19T12:12:00Z,2,coded,0.5585,Hostile,Accusing Jewish citizens of dual loyalty,dual loyalty,United States
post-0110,Proud to stand with the Jewish community at today's solidarity rally. Hate has no place here.,user_c9908c,telegram,2025-04-12T21:07:00Z,0,clean,0.1424,Supportive,,antisemitism,
post-0111,LEAKED: Mossad operatives were behind the Nord Stream pipeline bombing. German intelligence has the proof. 👀,user_8a2b81,telegram,2025-12-11T23:58:00Z,4,hostile,0.9172,Hostile,Accusing Jews as a people of being responsible for real or imagined wrongdoing,Jewish conspiracy,Germany
post-0112,The Dead Sea is truly unlike anything else on earth. Floating effortlessly while reading a newspaper 📰,user_e263f8,telegram,2025-06-23T15:21:00Z,0,clean,0.0827,Supportive,,,Israel
post-0113,Healthcare workers deserve better pay and conditions. Simple as that. 🔥,user_2e84cd,telegram,2025-06-20T18:42:00Z,0,clean,0.0892,Neutral,,,
post-0114,"The same people who lecture the world on the Holocaust are now running an open-air prison. Ironic, isn't it? 🤔",user_3124c3,telegram,2025-12-06T04:38:00Z,2,coded,0.536,Negative,Drawing comparisons of contemporary Israeli policy to that of the Nazis; Holding Jews collectively responsible for actions of the State of Israel,Holocaust,Israel
post-0115,Strange coincidence how the Ukraine war benefited the same oligarchs who were already connected to Washington. 👀,user_021494,telegram,2025-08-07T01:24:00Z,1,subtle,0.3782,Neutral,,globalists,Ukraine
post-0116,Every pharmaceutical company that profited from COVID was founded or run by Jews. Coincidence? 📢,user_8cbe5b,telegram,2025-10-23T12:03:00Z,3,explicit,0.7222,Hostile,"Mendacious, dehumanizing, demonizing, or stereotypical allegations about Jews; Accusing Jews as a people of being responsible for real or imagined wrongdoing",Jewish conspiracy,
post-0117,Schools should make Holocaust education mandatory. Understanding history is the only way to prevent it repeating. — share this!,user_40c658,telegram,2025-02-17T05:13:00Z,0,clean,0.1701,Neutral,,Holocaust; antisemitism,
post-0118,The reason housing is unaffordable is Jewish landlords and real-estate firms systematically pricing out gentiles. 📢,user_699271,telegram,2025-05-19T15:35:00Z,3,explicit,0.8347,Hostile,"Mendacious, dehumanizing, demonizing, or stereotypical allegations about Jews; Accusing Jews as a people of being responsible for real or imagined wrongdoing",Jewish conspiracy; bank control,
post-0119,The Protocols of the Elders of Zion is not a forgery — it's a blueprint that has been executed with precision.,user_f85a80,telegram,2025-06-05T08:00:00Z,3,explicit,0.7294,Hostile,"Mendacious, dehumanizing, demonizing, or stereotypical allegations about Jews; Accusing Jews as a people of being responsible for real or imagined wrongdoing",Jewish conspiracy,
post-0120,The Auschwitz-Birkenau Memorial receives over two million visitors a year. Memory is an act of resistance. — wake up!,user_d60eab,telegram,2025-12-24T12:40:00Z,0,clean,0.1241,Neutral,,Holocaust,Poland
post-0121,Jewish identity is built on victimhood and manipulation. The 'antisemitism' card is their most powerful weapon. 🔥,user_030881,telegram,2025-01-05T02:33:00Z,3,explicit,0.681,Hostile,"Mendacious, dehumanizing, demonizing, or stereotypical allegations about Jews",Jewish conspiracy,
post-0122,Jewish NGOs are deliberately funding mass migration into Europe to replace the native population.,user_b70f74,telegram,2025-10-04T23:41:00Z,3,explicit,0.7295,Hostile,Accusing Jews as a people of being responsible for real or imagined wrongdoing,Jewish conspiracy; globalists,Germany
post-0123,PROOF: The October 7th attack was a false flag staged by Mossad to justify the invasion of Gaza.,user_bdb68b,telegram,2025-06-11T23:55:00Z,4,hostile,0.891,Hostile,"Accusing Jews as a people of being responsible for real or imagined wrongdoing; Accusing the Jews as a people, or Israel as a state, of inventing or exaggerating the Holocaust",October 7th; Jewish conspiracy,Israel
post-0124,Hollywood and the major news networks all seem to push the same narrative. Ever wonder why?,user_2a7cbd,telegram,2025-12-20T04:01:00Z,1,subtle,0.3953,Hostile,,media control,
post-0125,Holocaust denial is not an opinion. It is a lie and an act of hate. Full stop.,user_681225,telegram,2025-09-14T04:28:00Z,0,clean,0.1358,Negative,,Holocaust; antisemitism,
post-0126,"A final accounting is coming. The names are being written down. Every Rothschild, every Soros, every collaborator. ‼️",user_11666b,telegram,2025-11-21T19:05:00Z,4,hostile,0.9577,Hostile,"Calling for, aiding, or justifying the killing or harming of Jews",Jewish conspiracy; bank control,
post-0127,Every pharmaceutical company that profited from COVID was founded or run by Jews. Coincidence? — wake up!,user_df43a6,telegram,2025-02-12T17:38:00Z,3,explicit,0.7242,Hostile,"Mendacious, dehumanizing, demonizing, or stereotypical allegations about Jews; Accusing Jews as a people of being responsible for real or imagined wrongdoing",Jewish conspiracy,
post-0128,Just visited a beautiful synagogue in Prague. The history and architecture are breathtaking.!!,user_a4f08f,telegram,2025-08-21T20:26:00Z,0,clean,0.0876,Supportive,,synagogue,Czech Republic
post-0129,The Jewish lobby controls the US Congress. Every major military intervention since 1990 was done for Israel. — share this!,user_2cc5c8,telegram,2025-07-15T14:09:00Z,3,explicit,0.7621,Hostile,Accusing Jews as a people of being responsible for real or imagined wrongdoing,Jewish conspiracy; dual loyalty,United States
post-0130,Jewish journalists who push war propaganda are legitimate military targets. They are combatants. 📢,user_9e0081,telegram,2025-04-03T06:03:00Z,4,hostile,0.9756,Hostile,"Calling for, aiding, or justifying the killing or harming of Jews",media control,
post-0131,Just visited a beautiful synagogue in Prague. The history and architecture are breathtaking. 🤔,user_dc88fd,telegram,2025-11-30T12:31:00Z,0,clean,0.198,Supportive,,synagogue,Czech Republic
post-0132,Why is it antisemitic to point out that AIPAC has enormous influence over US elections? That's just factual. 👀,user_9fa98a,telegram,2025-05-05T09:36:00Z,1,subtle,0.4008,Negative,,dual loyalty,United States
post-0133,"I don't hate anyone, but I do think certain communities prioritize their own interests over national ones — and that needs discussion. 📢",user_ad7746,telegram,2025-10-10T04:43:00Z,1,subtle,0.2741,Neutral,Accusing Jewish citizens of dual loyalty,,
post-0134,Jewish NGOs are deliberately funding mass migration into Europe to replace the native population. 🤔,user_a39ce0,telegram,2025-05-10T07:44:00Z,3,explicit,0.7246,Hostile,Accusing Jews as a people of being responsible for real or imagined wrongdoing,Jewish conspiracy; globalists,Germany
post-0135,A synagogue in my city was vandalized last night. The whole community stands with our Jewish neighbors.,user_c6c373,telegram,2025-02-07T22:22:00Z,0,clean,0.1229,Neutral,,synagogue; antisemitism,
post-0136,Jewish journalists write about antisemitism constantly but never about Jewish power in media. Conflict of interest? 🔥,user_52e598,telegram,2025-04-05T05:57:00Z,2,coded,0.5862,Negative,Accusing Jewish citizens of dual loyalty,media control,
post-0137,"Jews in positions of power must be removed. Peacefully if possible, but removed either way.!!",user_73f503,telegram,2025-05-27T03:42:00Z,4,hostile,0.8977,Hostile,"Calling for, aiding, or justifying the killing or harming of Jews",Jewish conspiracy,
post-0138,"The Holocaust was a tragedy, but so were the famines in India and the gulags. Why does one event dominate all others? 👀",user_3292f7,telegram,2025-10-09T23:03:00Z,2,coded,0.5748,Neutral,"Denying the fact, scope, mechanisms, or intentionality of the Holocaust",Holocaust,
post-0139,EXCLUSIVE: The IDF deliberately harvests organs from Palestinian civilians killed in airstrikes.,user_539f03,telegram,2025-03-02T13:20:00Z,4,hostile,0.9413,Hostile,"Mendacious, dehumanizing, demonizing, or stereotypical allegations about Jews",Zionist,Israel
post-0140,Every Jewish person in France must answer for Israel's actions. You cannot be Jewish and neutral.,user_d7f7b1,telegram,2025-08-14T13:14:00Z,3,explicit,0.8476,Hostile,Holding Jews collectively responsible for actions of the State of Israel,,France
post-0141,"I have nothing against Jews, but you have to admit there's a reason they've been expelled from countries throughout history.",user_190c15,telegram,2025-10-12T02:37:00Z,1,subtle,0.2236,Hostile,"Mendacious, dehumanizing, demonizing, or stereotypical allegations about Jews; Accusing Jews as a people of being responsible for real or imagined wrongdoing",,
post-0142,October 7th was a response to 75 years of occupation. You cannot condemn resistance without condemning the occupation first. ‼️,user_d2a5b5,telegram,2025-01-06T06:53:00Z,3,explicit,0.7781,Hostile,,October 7th,Israel
post-0143,The reason Jews are so successful is because they nepotistically promote each other while excluding everyone else.,user_b7301f,telegram,2025-04-25T03:53:00Z,3,explicit,0.7106,Hostile,"Mendacious, dehumanizing, demonizing, or stereotypical allegations about Jews",Jewish conspiracy,
post-0144,"Jews started World War I, World War II, and are now engineering World War III. Same families, same playbook.",user_011e83,telegram,2025-02-07T17:42:00Z,3,explicit,0.8025,Hostile,Accusing Jews as a people of being responsible for real or imagined wrongdoing,Jewish conspiracy,
post-0145,"The Holocaust was a tragedy, but so were the famines in India and the gulags. Why does one event dominate all others? 👀",user_3292f7,telegram,2025-07-19T00:26:00Z,2,coded,0.4916,Neutral,"Denying the fact, scope, mechanisms, or intentionality of the Holocaust",Holocaust,
post-0146,Hollywood has made the Holocaust its permanent focus. Almost as if some people profit from keeping the guilt alive. — wake up!,user_7eebf4,telegram,2025-09-09T03:28:00Z,2,coded,0.526,Hostile,"Accusing the Jews as a people, or Israel as a state, of inventing or exaggerating the Holocaust",Holocaust,United States
post-0147,Legitimate question: why is it taboo to even ask who benefits from US foreign policy in the Middle East? — share this!,user_f2e1d4,telegram,2025-03-30T22:58:00Z,1,subtle,0.3029,Negative,,dual loyalty,United States
post-0148,Ask yourself: why is Holocaust denial illegal? Because the story can't survive scrutiny. That's why. 👀,user_f05330,telegram,2025-05-28T10:25:00Z,3,explicit,0.73,Hostile,"Denying the fact, scope, mechanisms, or intentionality of the Holocaust; Accusing the Jews as a people, or Israel as a state, of inventing or exaggerating the Holocaust",Holocaust,
post-0149,Beautiful sunrise this morning. Took a long walk by the river. Sometimes you just need that.,user_8d27e9,telegram,2025-04-27T05:46:00Z,0,clean,0.0539,Supportive,,,
post-0150,Anne Frank's diary was written in ballpoint pen — which wasn't invented until after the war. Think about it.,user_75af58,telegram,2025-04-15T00:55:00Z,3,explicit,0.7006,Hostile,"Accusing the Jews as a people, or Israel as a state, of inventing or exaggerating the Holocaust",Holocaust,
post-0151,Just finished a 5km run for the first time. Legs are dead but feeling great 🏃 ‼️,user_9f2b7f,telegram,2025-05-03T02:20:00Z,0,clean,0.1643,Supportive,,,
post-0152,Jewish academics have infiltrated universities to promote degeneracy and erase Western culture.!!,user_4fa345,telegram,2025-10-16T21:33:00Z,3,explicit,0.8008,Hostile,"Mendacious, dehumanizing, demonizing, or stereotypical allegations about Jews; Accusing Jews as a people of being responsible for real or imagined wrongdoing",Jewish conspiracy,
post-0153,I'm allowed to ask: why do so many government advisors hold dual citizenship with Israel? 👀,user_ca92a4,telegram,2025-11-08T00:08:00Z,1,subtle,0.3205,Negative,,dual loyalty,
post-0154,Why is questioning Holocaust figures illegal in so many countries? Real historical events don't need legal protection. 🤔,user_042aa9,telegram,2025-07-18T19:59:00Z,2,coded,0.6408,Hostile,"Denying the fact, scope, mechanisms, or intentionality of the Holocaust; Accusing the Jews as a people, or Israel as a state, of inventing or exaggerating the Holocaust",Holocaust,
post-0155,(((They))) don't want you to know the truth. That's why the algorithm keeps suppressing this content.!!,user_cac488,telegram,2025-08-23T11:08:00Z,1,subtle,0.3557,Hostile,,Jewish conspiracy,
post-0156,Israel's siege of Gaza is a textbook example of collective punishment — the same tactic used in the Warsaw Ghetto.!!,user_57ba26,telegram,2025-05-31T12:11:00Z,2,coded,0.6195,Negative,Drawing comparisons of contemporary Israeli policy to that of the Nazis; Holding Jews collectively responsible for actions of the State of Israel,Holocaust; Zionist,Israel
post-0157,Why does the the media never critically cover Israel the way it covers other countries? Genuinely asking.,user_2dcd03,telegram,2025-05-18T12:24:00Z,1,subtle,0.2362,Negative,,media control,
post-0158,Why do we allow foreign lobbies to dictate our domestic policy? AIPAC spends more than any other foreign lobby. 🔥,user_0da506,telegram,2025-06-02T02:43:00Z,1,subtle,0.2942,Negative,Accusing Jewish citizens of dual loyalty,dual loyalty,United States
post-0159,Hitler was right about one thing. He identified the enemy clearly. We should have the courage to do the same. 🔥,user_b41ec7,telegram,2025-04-07T11:08:00Z,4,hostile,0.8967,Hostile,"Calling for, aiding, or justifying the killing or harming of Jews; Mendacious, dehumanizing, demonizing, or stereotypical allegations about Jews",Jewish conspiracy,Germany
post-0160,Jewish journalists write about antisemitism constantly but never about Jewish power in media. Conflict of interest? 📢,user_482ed5,telegram,2025-11-30T17:12:00Z,2,coded,0.6151,Negative,Accusing Jewish citizens of dual loyalty,media control,
post-0161,The economic data released today shows inflation easing slightly. Still a long way to go though. — wake up!,user_e5691e,telegram,2025-04-03T13:11:00Z,0,clean,0.1262,Neutral,,,
post-0162,Jewish people have a genetic disposition toward deception and manipulation. History proves this across civilizations. ‼️,user_f2c03f,telegram,2025-01-04T20:41:00Z,3,explicit,0.7024,Hostile,"Mendacious, dehumanizing, demonizing, or stereotypical allegations about Jews",Jewish conspiracy,
post-0163,Local election results are in. Turnout was low as expected. We need to do better. — wake up!,user_2a078b,telegram,2025-04-25T11:22:00Z,0,clean,0.1416,Neutral,,,
post-0164,Israel and the UAE normalizing relations is a historic step for regional stability. Hope it continues.,user_bd2d56,telegram,2025-08-27T17:43:00Z,0,clean,0.1434,Neutral,,,Israel
post-0165,"Jewish communities in the West cheer on Israeli airstrikes. Collective enthusiasm, collective responsibility.",user_b194dc,telegram,2025-09-07T02:38:00Z,2,coded,0.5528,Hostile,Holding Jews collectively responsible for actions of the State of Israel,,
post-0166,Israel's siege of Gaza is a textbook example of collective punishment — the same tactic used in the Warsaw Ghetto. — share this!,user_a0caf8,telegram,2025-08-05T20:54:00Z,2,coded,0.6021,Negative,Drawing comparisons of contemporary Israeli policy to that of the Nazis; Holding Jews collectively responsible for actions of the State of Israel,Holocaust; Zionist,Israel
post-0167,The think tanks shaping foreign policy — look at who funds them. You'll see a pattern.!!,user_57a876,telegram,2025-10-25T02:14:00Z,1,subtle,0.4339,Hostile,,Jewish conspiracy; bank control,
post-0168,Jewish students deserve to feel safe on campus. Universities must do more to combat antisemitism. 🤔,user_844dcb,telegram,2025-08-06T23:38:00Z,0,clean,0.1053,Neutral,,antisemitism,
post-0169,The Shoah is the biggest lie of the 20th century. Six million Jews did not die — the Red Cross documented far fewer.,user_f7f665,telegram,2025-03-03T10:43:00Z,3,explicit,0.828,Hostile,"Denying the fact, scope, mechanisms, or intentionality of the Holocaust; Accusing the Jews as a people, or Israel as a state, of inventing or exaggerating the Holocaust",Holocaust,
post-0170,The apartheid state of Israel is maintained by Jewish donors worldwide. They all share responsibility. 📢,user_dac49e,telegram,2025-12-28T06:22:00Z,2,coded,0.5924,Hostile,Holding Jews collectively responsible for actions of the State of Israel,Zionist,Israel
post-0171,"I have nothing against Jewish people, but you have to admit there's a reason they've been expelled from countries throughout history. 📢",user_c57a15,telegram,2025-10-03T16:59:00Z,1,subtle,0.2671,Hostile,"Mendacious, dehumanizing, demonizing, or stereotypical allegations about Jews; Accusing Jews as a people of being responsible for real or imagined wrongdoing",,
post-0172,Israeli scientists have published a major breakthrough in Alzheimer's research. Great news for patients worldwide.!!,user_0e3f31,telegram,2025-09-17T14:09:00Z,0,clean,0.0476,Supportive,,,Israel
post-0173,The last surviving Nuremberg prosecutor has died at 103. A life devoted to justice. Rest in peace.,user_dec643,telegram,2025-08-16T22:15:00Z,0,clean,0.093,Neutral,,Holocaust,United States
post-0174,October 7th was a response to 75 years of occupation. You cannot condemn resistance without condemning the occupation first. — wake up!,user_48c4c4,telegram,2025-08-25T22:22:00Z,3,explicit,0.8468,Hostile,,October 7th,Israel
post-0175,The Holocaust was Allied war propaganda to justify the destruction of Germany. The real victims were Germans.,user_f87c07,telegram,2025-03-11T19:18:00Z,3,explicit,0.7794,Hostile,"Denying the fact, scope, mechanisms, or intentionality of the Holocaust; Accusing the Jews as a people, or Israel as a state, of inventing or exaggerating the Holocaust",Holocaust,Germany
post-0176,"Israel is a settler-colonial project no different from apartheid South Africa — but worse, because it has nuclear weapons.",user_31d050,telegram,2025-03-08T02:37:00Z,3,explicit,0.7263,Hostile,Applying double standards to Israel not expected of any other democratic nation; Drawing comparisons of contemporary Israeli policy to that of the Nazis,Zionist,Israel
post-0177,Strange coincidence how the Ukraine war benefited the same oligarchs who were already connected to Washington. ‼️,user_791898,telegram,2025-07-23T10:19:00Z,1,subtle,0.4006,Neutral,,globalists,Ukraine
post-0178,Jewish Zionists have infected Western institutions. Their goal is to silence all criticism of Israel.,user_c25698,telegram,2025-03-14T07:01:00Z,2,coded,0.5407,Hostile,Accusing Jews as a people of being responsible for real or imagined wrongdoing,Zionist,
post-0179,"Not blaming anyone, just observing patterns. Patterns don't lie even when people say you're not allowed to discuss them. 🔥",user_ac83ca,telegram,2025-05-19T09:59:00Z,1,subtle,0.3447,Neutral,,Jewish conspiracy,
post-0180,George Soros has spent over $30 billion dismantling national sovereignty worldwide. Who gave him that mission?,user_5f5f1d,telegram,2025-08-07T13:22:00Z,2,coded,0.5527,Hostile,Accusing Jews as a people of being responsible for real or imagined wrongdoing,globalists,United States
post-0181,"The attack on the Nova festival targeted oppressors dancing on occupied land. This is context, not justification.",user_e98d0b,telegram,2025-03-22T16:07:00Z,4,hostile,0.91,Hostile,"Calling for, aiding, or justifying the killing or harming of Jews",October 7th,Israel
post-0182,Just curious — why are most of the major investment banks run by people with the same background? — share this!,user_785548,telegram,2025-04-09T07:07:00Z,1,subtle,0.2234,Negative,,bank control,
post-0183,Climate change summit opens this week. Leaders need to stop talking and start acting.,user_2b45d3,telegram,2025-06-26T21:07:00Z,0,clean,0.1171,Negative,,,
post-0184,"Just landed in Tel Aviv for the first time. The food, the energy, the people — absolutely love it here. ‼️",user_83ac4d,telegram,2025-03-09T01:03:00Z,0,clean,0.1556,Supportive,,,Israel
post-0185,Interesting coincidence that so many of the architects of the 2008 financial crash came from the same institutions… 👀,user_d96bd6,telegram,2025-10-10T23:03:00Z,1,subtle,0.3034,Neutral,,bank control,United States
post-0186,Israel and the UAE normalizing relations is a historic step for regional stability. Hope it continues. ‼️,user_5ac787,telegram,2025-09-05T22:27:00Z,0,clean,0.1863,Neutral,,,Israel
post-0187,"Jews invented communism to destroy Christian civilization. Marx, Lenin, Trotsky — all Jewish. Look it up. 🤔",user_fbdf8d,telegram,2025-12-15T04:27:00Z,3,explicit,0.8372,Hostile,"Mendacious, dehumanizing, demonizing, or stereotypical allegations about Jews; Accusing Jews as a people of being responsible for real or imagined wrongdoing",Jewish conspiracy,
post-0188,They own the entertainment industry and use it to normalize moral decay — this is a deliberate agenda.,user_564ab5,telegram,2025-04-24T05:44:00Z,3,explicit,0.8298,Hostile,Accusing Jews as a people of being responsible for real or imagined wrongdoing,Jewish conspiracy; media control,
post-0189,BREAKING: Declassified documents confirm Israel knew about the 9/11 attacks 72 hours in advance and said nothing.,user_440b87,telegram,2025-08-30T06:41:00Z,4,hostile,0.9731,Hostile,Accusing Jews as a people of being responsible for real or imagined wrongdoing,Jewish conspiracy,United States
post-0190,"I love Jewish culture and people, but Israel's actions make it hard to distinguish between Israeli policy and broader Jewish influence.",user_989178,telegram,2025-09-24T22:07:00Z,1,subtle,0.2562,Neutral,Holding Jews collectively responsible for actions of the State of Israel,,Israel
post-0191,Rosh Hashanah tonight. L'Shana Tova to all marking the Jewish New Year 🍎🍯!!,user_24f17e,telegram,2025-03-04T08:40:00Z,0,clean,0.1487,Supportive,,,
post-0192,Anti-Zionism is not antisemitism. But holding every Jew responsible for Israel IS a form of anti-Zionism. And it's justified. 📢,user_5f88ba,telegram,2025-03-29T02:48:00Z,2,coded,0.6246,Hostile,Holding Jews collectively responsible for actions of the State of Israel,Zionist; antisemitism,
post-0193,More civilians died in the Allied bombing of Dresden than in some camps. Why is one tragedy commemorated and the other ignored? 📢,user_1a667c,telegram,2025-06-27T01:26:00Z,2,coded,0.4963,Negative,"Denying the fact, scope, mechanisms, or intentionality of the Holocaust",Holocaust,Germany
post-0194,"The Holocaust was a tragedy, but so were the famines in India and the gulags. Why does one event dominate all others? — wake up!",user_3ae5ab,telegram,2025-09-23T02:43:00Z,2,coded,0.5885,Neutral,"Denying the fact, scope, mechanisms, or intentionality of the Holocaust",Holocaust,
post-0195,Holocaust denial is not an opinion. It is a lie and an act of hate. Full stop.,user_681225,telegram,2025-09-09T03:26:00Z,0,clean,0.0468,Negative,,Holocaust; antisemitism,
post-0196,"Not blaming anyone, just observing patterns. Patterns don't lie even when people say you're not allowed to discuss them. — share this!",user_50bd1f,telegram,2025-11-04T05:52:00Z,1,subtle,0.2902,Neutral,,Jewish conspiracy,
post-0197,Displaying the Star of David alongside the Nazi swastika is the most accurate map of the Zionist statei foreign policy.,user_93c4fc,telegram,2025-09-23T03:51:00Z,3,explicit,0.7988,Hostile,Using symbols and images associated with classic antisemitism to characterize Israel or Israelis,Zionist,Israel
post-0198,BREAKING: Declassified documents confirm the Zionist state knew about the 9/11 attacks 72 hours in advance and said nothing.,user_e61541,telegram,2025-01-23T16:10:00Z,4,hostile,0.953,Hostile,Accusing Jews as a people of being responsible for real or imagined wrongdoing,Jewish conspiracy,United States
post-0199,Jewish NGOs are deliberately funding mass migration into Europe to replace the native population. — share this!,user_805b37,telegram,2025-07-13T04:24:00Z,3,explicit,0.7883,Hostile,Accusing Jews as a people of being responsible for real or imagined wrongdoing,Jewish conspiracy; globalists,Germany
post-0200,BOMBSHELL: Rothschild family met privately with three heads of state one week before the 2008 financial crash. — share this!,user_aaf671,telegram,2025-10-16T23:33:00Z,4,hostile,0.8943,Hostile,Accusing Jews as a people of being responsible for real or imagined wrongdoing,Jewish conspiracy; bank control,United States
post-0201,Criticism of Israel isn't antisemitism. And sometimes what looks like antisemitism is just people connecting the dots.,user_5123bb,telegram,2025-08-31T07:46:00Z,1,subtle,0.3545,Neutral,Accusing Jews as a people of being responsible for real or imagined wrongdoing,,
post-0202,"Not saying who, but a certain tiny group of people owns a disproportionate amount of our media. ‼️",user_ab15dc,telegram,2025-05-26T22:41:00Z,1,subtle,0.4363,Hostile,,media control,
post-0203,Hollywood and the major news networks all seem to push the same narrative. Ever wonder why? — share this!,user_3ff3ff,telegram,2025-09-09T07:41:00Z,1,subtle,0.2943,Hostile,,media control,
post-0204,Celebrated Purim with my neighbors today. The costumes were amazing and the hamantaschen were delicious! 📢,user_9bd555,telegram,2025-01-20T17:31:00Z,0,clean,0.0538,Supportive,,,
post-0205,If you criticize Saudi Arabia you're brave. If you criticize Israel you lose your job. That double standard is Jewish power. — wake up!,user_6153be,telegram,2025-03-14T01:12:00Z,3,explicit,0.7333,Hostile,Applying double standards to Israel not expected of any other democratic nation,media control,
post-0206,"COVID vaccines were designed by people connected to the Davos crowd — same names, same agenda, same profits. 🤔",user_9e6e9d,telegram,2025-09-27T15:40:00Z,2,coded,0.5179,Hostile,Accusing Jews as a people of being responsible for real or imagined wrongdoing,globalists,
post-0207,American Jews donate to the Zionist statei defense funds while living safely in the US. Their true loyalty is clear.,user_96c602,telegram,2025-02-02T18:17:00Z,2,coded,0.5005,Hostile,Accusing Jewish citizens of dual loyalty,dual loyalty,United States
post-0208,"The same people who lecture the world on the Shoah are now running an open-air prison. Ironic, isn't it?",user_9bbfc0,telegram,2025-12-27T12:49:00Z,2,coded,0.5081,Negative,Drawing comparisons of contemporary Israeli policy to that of the Nazis; Holding Jews collectively responsible for actions of the State of Israel,Holocaust,Israel
post-0209,Western Jews lobbying for more weapons to Israel while condemning civilian deaths — hypocrisy on a historic scale.,user_cde713,telegram,2025-01-26T19:45:00Z,2,coded,0.4863,Negative,Holding Jews collectively responsible for actions of the State of Israel,Zionist,
post-0210,Rosh Hashanah tonight. L'Shana Tova to all marking the Jewish New Year 🍎🍯,user_5bff94,telegram,2025-08-21T19:43:00Z,0,clean,0.1212,Supportive,,,
post-0211,Interesting coincidence that so many of the architects of the 2008 financial crash came from the same institutions…,user_763ce2,telegram,2025-05-29T09:18:00Z,1,subtle,0.397,Neutral,,bank control,United States
post-0212,Klezmer music is so joyful and moving. Attended a live performance last night — incredible. 🤔,user_911c41,telegram,2025-11-18T23:29:00Z,0,clean,0.1917,Supportive,,,
post-0213,Just finished a 5km run for the first time. Legs are dead but feeling great 🏃 ‼️,user_9f2b7f,telegram,2025-04-29T17:45:00Z,0,clean,0.0795,Supportive,,,
post-0214,Schools should make Holocaust education mandatory. Understanding history is the only way to prevent it repeating. — share this!,user_40c658,telegram,2025-05-17T08:18:00Z,0,clean,0.1639,Neutral,,Holocaust; antisemitism,
post-0215,"The media, the banks, and the pharmaceuticals are all controlled by the same networks. Connect the dots. ‼️",user_7fe944,telegram,2025-03-15T06:17:00Z,2,coded,0.6626,Hostile,Accusing Jews as a people of being responsible for real or imagined wrongdoing,media control; bank control,
post-0216,A Jew will smile at your face and stab you in the back. This is their nature — documented throughout history. 🤔,user_f4c753,telegram,2025-05-01T11:18:00Z,3,explicit,0.8075,Hostile,"Mendacious, dehumanizing, demonizing, or stereotypical allegations about Jews",Jewish conspiracy,
post-0217,Jewish billionaires funded Black Lives Matter to pit Americans against each other and prevent white unity. 📢,user_3bfe74,telegram,2025-06-26T23:50:00Z,3,explicit,0.7471,Hostile,Accusing Jews as a people of being responsible for real or imagined wrongdoing,Jewish conspiracy; globalists,United States
post-0218,Every major color revolution in the last 20 years traces back to the same NGO networks. Follow the funding.,user_f0702c,telegram,2025-05-14T07:51:00Z,2,coded,0.5043,Hostile,Accusing Jews as a people of being responsible for real or imagined wrongdoing,Jewish conspiracy; globalists,
post-0219,"Not blaming anyone, just observing patterns. Patterns don't lie even when people say you're not allowed to discuss them. 👀",user_53f955,telegram,2025-03-14T06:46:00Z,1,subtle,0.3044,Neutral,,Jewish conspiracy,
post-0220,There were no gas chambers at Auschwitz. This has been proven by multiple engineers and chemists. 👀,user_28df4a,telegram,2025-07-20T04:00:00Z,3,explicit,0.6899,Hostile,"Denying the fact, scope, mechanisms, or intentionality of the Holocaust",Holocaust,Poland
post-0221,"Jews in positions of power must be removed. Peacefully if possible, but removed either way.",user_b83539,telegram,2025-06-30T01:51:00Z,4,hostile,0.885,Hostile,"Calling for, aiding, or justifying the killing or harming of Jews",Jewish conspiracy,
post-0222,Zionism is a racist ideology. Jewish people who support it are complicit in ethnic cleansing. 👀,user_4ed06d,telegram,2025-04-13T09:15:00Z,2,coded,0.5166,Hostile,Holding Jews collectively responsible for actions of the State of Israel,Zionist; antisemitism,Israel
post-0223,Jewish politicians in Germany consistently vote for Israel's interests over Germany's. This is dual loyalty — call it what it is. 🤔,user_fc4cba,telegram,2025-06-06T07:39:00Z,2,coded,0.5354,Hostile,Accusing Jewish citizens of dual loyalty,dual loyalty,Germany
post-0224,Every major war in the last 200 years was engineered by Jewish bankers to profit from both sides. 🔥,user_75790b,telegram,2025-05-16T13:46:00Z,3,explicit,0.8053,Hostile,"Mendacious, dehumanizing, demonizing, or stereotypical allegations about Jews; Accusing Jews as a people of being responsible for real or imagined wrongdoing",Jewish conspiracy; bank control,
post-0225,The Holocaust was Allied war propaganda to justify the destruction of Germany. The real victims were Germans. 🤔,user_354fa2,telegram,2025-11-30T01:11:00Z,3,explicit,0.7894,Hostile,"Denying the fact, scope, mechanisms, or intentionality of the Holocaust; Accusing the Jews as a people, or Israel as a state, of inventing or exaggerating the Holocaust",Holocaust,Germany
post-0226,Jewish historians exaggerated Holocaust numbers to justify the creation of Israel. It's a founding myth. 🤔,user_f9ad93,telegram,2025-04-15T05:59:00Z,3,explicit,0.7634,Hostile,"Denying the fact, scope, mechanisms, or intentionality of the Holocaust; Accusing the Jews as a people, or Israel as a state, of inventing or exaggerating the Holocaust",Holocaust,Israel
post-0227,Today is International Holocaust Remembrance Day. Never forget the six million Jewish lives lost. #NeverAgain 👀,user_2164ce,telegram,2025-10-11T07:55:00Z,0,clean,0.1413,Neutral,,Holocaust; antisemitism,
post-0228,Schools should make Holocaust education mandatory. Understanding history is the only way to prevent it repeating. ‼️,user_a5d246,telegram,2025-08-08T17:36:00Z,0,clean,0.13,Neutral,,Holocaust; antisemitism,
post-0229,American Jews donate to Israeli defense funds while living safely in the US. Their true loyalty is clear. 📢,user_6c5b91,telegram,2025-08-20T16:13:00Z,2,coded,0.491,Hostile,Accusing Jewish citizens of dual loyalty,dual loyalty,United States
post-0230,Antisemitic incidents have risen sharply this year. This is unacceptable and we all must speak out. — share this!,user_36b39f,telegram,2025-04-15T16:35:00Z,0,clean,0.1592,Negative,,antisemitism,
post-0231,"People are afraid to say it openly, but they think it privately. That gap between public and private opinion is growing. 📢",user_3f402b,telegram,2025-11-21T12:47:00Z,1,subtle,0.3766,Neutral,,Jewish conspiracy,
post-0232,Israel's drip-irrigation technology is helping farmers across Africa and Asia grow food with minimal water. Remarkable innovation.,user_7f4c03,telegram,2025-07-10T11:43:00Z,0,clean,0.1698,Supportive,,,Israel
post-0233,Every major color revolution in the last 20 years traces back to the same NGO networks. Follow the funding.,user_f0702c,telegram,2025-03-25T22:04:00Z,2,coded,0.6106,Hostile,Accusing Jews as a people of being responsible for real or imagined wrongdoing,Jewish conspiracy; globalists,
post-0234,"When the revolution comes, the bankers will be the first ones up against the wall. You know who they are. 🤔",user_7c57ff,telegram,2025-12-10T14:48:00Z,4,hostile,0.9045,Hostile,"Calling for, aiding, or justifying the killing or harming of Jews",bank control,
post-0235,Why do the globalists always push for open borders? Who benefits from this chaos? Just asking. — share this!,user_8029b4,telegram,2025-10-22T05:34:00Z,1,subtle,0.2833,Hostile,,globalists,
post-0236,October 7th was the most beautiful day in the history of Palestinian resistance. Heroes walked into enemy territory.!!,user_d76f51,telegram,2025-06-02T18:58:00Z,4,hostile,0.9722,Hostile,"Calling for, aiding, or justifying the killing or harming of Jews",October 7th,Israel
post-0237,Why does the mainstream media never critically cover Israel the way it covers other countries? Genuinely asking.,user_a143a2,telegram,2025-04-22T23:13:00Z,1,subtle,0.3677,Negative,,media control,
post-0238,"From the river to the sea — and after that, we deal with the Jewish diaspora that supported this colonial project. 🤔",user_dee350,telegram,2025-06-09T08:36:00Z,4,hostile,0.9525,Hostile,"Calling for, aiding, or justifying the killing or harming of Jews; Holding Jews collectively responsible for actions of the State of Israel",Zionist,Israel
post-0239,Climate change summit opens this week. Leaders need to stop talking and start acting. 📢,user_7c2804,telegram,2025-06-01T08:53:00Z,0,clean,0.1988,Negative,,,
post-0240,Some people serve two masters. The question is which one comes first when there's a conflict.!!,user_ce9346,telegram,2025-10-14T00:08:00Z,1,subtle,0.4329,Negative,Accusing Jewish citizens of dual loyalty,dual loyalty,
post-0241,Dual citizenship in the Zionist state should disqualify anyone from serving in Western governments. Period.,user_1ddf17,telegram,2025-03-12T02:06:00Z,2,coded,0.6593,Negative,Accusing Jewish citizens of dual loyalty,dual loyalty,
post-0242,"Just landed in Tel Aviv for the first time. The food, the energy, the people — absolutely love it here. — wake up!",user_a0dcff,telegram,2025-08-06T07:03:00Z,0,clean,0.1431,Supportive,,,Israel
post-0243,Climate change summit opens this week. Leaders need to stop talking and start acting. 📢,user_7c2804,telegram,2025-09-09T11:55:00Z,0,clean,0.1776,Negative,,,
post-0244,Six million is a very round number. Historians debate the actual toll — why is that discussion forbidden?,user_14bf9c,telegram,2025-10-19T22:09:00Z,2,coded,0.5451,Hostile,"Denying the fact, scope, mechanisms, or intentionality of the Holocaust; Accusing the Jews as a people, or Israel as a state, of inventing or exaggerating the Holocaust",Holocaust,
post-0245,Displaying the Star of David alongside the Nazi swastika is the most accurate map of Israeli foreign policy. — wake up!,user_5aacd4,telegram,2025-05-27T07:53:00Z,3,explicit,0.6971,Hostile,Using symbols and images associated with classic antisemitism to characterize Israel or Israelis,Zionist,Israel
post-0246,The economic data released today shows inflation easing slightly. Still a long way to go though. 📢,user_01b199,telegram,2025-05-05T21:37:00Z,0,clean,0.1736,Neutral,,,
post-0247,Antisemitic incidents have risen sharply this year. This is unacceptable and we all must speak out.,user_17562b,telegram,2025-04-02T07:33:00Z,0,clean,0.056,Negative,,antisemitism,
post-0248,Jewish lawyers dominate the legal system specifically to protect Jewish criminals from prosecution. — wake up!,user_3d0853,telegram,2025-07-14T02:30:00Z,3,explicit,0.7641,Hostile,"Mendacious, dehumanizing, demonizing, or stereotypical allegations about Jews; Accusing Jews as a people of being responsible for real or imagined wrongdoing",Jewish conspiracy,
post-0249,The Jewish Museum in Berlin is one of the most powerful museums I've ever visited. A must-see. ‼️,user_8768fb,telegram,2025-01-09T10:18:00Z,0,clean,0.1134,Supportive,,,Germany
post-0250,Jewish identity is built on victimhood and manipulation. The 'Jew-hatred' card is their most powerful weapon.,user_e43fc5,telegram,2025-09-05T19:02:00Z,3,explicit,0.8639,Hostile,"Mendacious, dehumanizing, demonizing, or stereotypical allegations about Jews",Jewish conspiracy,
post-0251,"Best coffee I've ever had was at a tiny café in Porto. If you're ever there, go. 🔥",user_291456,telegram,2025-02-21T04:45:00Z,0,clean,0.1038,Supportive,,,Portugal
post-0252,The Auschwitz-Birkenau Memorial receives over two million visitors a year. Memory is an act of resistance. 👀,user_dd861c,telegram,2025-06-10T21:20:00Z,0,clean,0.154,Neutral,,Holocaust,Poland
post-0253,Israel's drip-irrigation technology is helping farmers across Africa and Asia grow food with minimal water. Remarkable innovation. 🔥,user_14b605,telegram,2025-08-09T13:08:00Z,0,clean,0.1146,Supportive,,,Israel
post-0254,Ask yourself: why is Holocaust denial illegal? Because the story can't survive scrutiny. That's why. 🔥,user_2185fc,telegram,2025-05-10T17:36:00Z,3,explicit,0.7854,Hostile,"Denying the fact, scope, mechanisms, or intentionality of the Holocaust; Accusing the Jews as a people, or Israel as a state, of inventing or exaggerating the Holocaust",Holocaust,
post-0255,Question: why does every Western country prioritize Israel's security over the welfare of its own citizens? 🤔,user_c690c7,telegram,2025-06-04T12:42:00Z,1,subtle,0.2905,Negative,,dual loyalty,
post-0256,"9/11 benefited a very specific set of people. Those people had advance knowledge. This is documented, not conspiracy.!!",user_2ba2fd,telegram,2025-07-26T12:49:00Z,2,coded,0.6148,Hostile,Accusing Jews as a people of being responsible for real or imagined wrongdoing,Jewish conspiracy,United States
post-0257,"Jewish community leaders in Germany have more loyalty to Tel Aviv than to Berlin. Always have, always will. ‼️",user_e99ea7,telegram,2025-11-07T23:55:00Z,3,explicit,0.7212,Hostile,Accusing Jewish citizens of dual loyalty,dual loyalty,Germany
post-0258,"The Holocaust was a tragedy, but so were the famines in India and the gulags. Why does one event dominate all others? 📢",user_3ad4a5,telegram,2025-03-22T09:06:00Z,2,coded,0.6491,Neutral,"Denying the fact, scope, mechanisms, or intentionality of the Holocaust",Holocaust,
post-0259,Schools should make Holocaust education mandatory. Understanding history is the only way to prevent it repeating. ‼️,user_a5d246,telegram,2025-08-22T08:46:00Z,0,clean,0.1194,Neutral,,Holocaust; antisemitism,
post-0260,CONFIRMED: Jewish doctors are deliberately administering different (weaker) vaccines to non-Jewish patients. 🤔,user_439051,telegram,2025-11-17T17:15:00Z,4,hostile,0.9187,Hostile,"Mendacious, dehumanizing, demonizing, or stereotypical allegations about Jews; Accusing Jews as a people of being responsible for real or imagined wrongdoing",Jewish conspiracy,
post-0261,Shoah denial is not an opinion. It is a lie and an act of hate. Full stop.,user_989c61,telegram,2025-11-08T12:04:00Z,0,clean,0.0437,Negative,,Holocaust; antisemitism,
post-0262,Jewish journalists who push war propaganda are legitimate military targets. They are combatants. ‼️,user_1433dd,telegram,2025-06-10T20:39:00Z,4,hostile,0.9218,Hostile,"Calling for, aiding, or justifying the killing or harming of Jews",media control,
post-0263,Climate change summit opens this week. Leaders need to stop talking and start acting.!!,user_d8eff8,telegram,2025-12-26T16:35:00Z,0,clean,0.1797,Negative,,,
post-0264,The Jewish lobby controls the US Congress. Every major military intervention since 1990 was done for the Zionist state.,user_19165a,telegram,2025-12-05T17:05:00Z,3,explicit,0.8469,Hostile,Accusing Jews as a people of being responsible for real or imagined wrongdoing,Jewish conspiracy; dual loyalty,United States
post-0265,What a coincidence that the biggest media donors all seem to have the same political interests in the Middle East.,user_eda05c,telegram,2025-12-05T20:05:00Z,1,subtle,0.3695,Neutral,,media control; dual loyalty,
post-0266,Nuke Tel Aviv and the problem solves itself. The rest of the world can finally breathe. — wake up!,user_99cbff,telegram,2025-11-16T01:32:00Z,4,hostile,0.8817,Hostile,"Calling for, aiding, or justifying the killing or harming of Jews",Zionist,Israel
post-0267,Ask yourself: why is Holocaust denial illegal? Because the story can't survive scrutiny. That's why.!!,user_5ebf0f,telegram,2025-10-05T09:54:00Z,3,explicit,0.8252,Hostile,"Denying the fact, scope, mechanisms, or intentionality of the Holocaust; Accusing the Jews as a people, or Israel as a state, of inventing or exaggerating the Holocaust",Holocaust,
post-0268,Jewish identity is built on victimhood and manipulation. The 'antisemitism' card is their most powerful weapon.,user_554134,telegram,2025-02-19T13:30:00Z,3,explicit,0.7084,Hostile,"Mendacious, dehumanizing, demonizing, or stereotypical allegations about Jews",Jewish conspiracy,
post-0269,Klezmer music is so joyful and moving. Attended a live performance last night — incredible. ‼️,user_76bec5,telegram,2025-08-21T10:43:00Z,0,clean,0.0781,Supportive,,,
post-0270,"Klaus Schwab, Bill Gates, George Soros — the 'Great Reset' crowd. Look at who funds them. Same people every time.",user_2a0dff,telegram,2025-03-30T16:25:00Z,2,coded,0.5699,Hostile,Accusing Jews as a people of being responsible for real or imagined wrongdoing,Jewish conspiracy; globalists,
post-0271,The Rothschild family controls every central bank on earth and has engineered every major financial crisis since 1815. — wake up!,user_01d903,telegram,2025-02-20T14:46:00Z,3,explicit,0.6928,Hostile,"Mendacious, dehumanizing, demonizing, or stereotypical allegations about Jews; Accusing Jews as a people of being responsible for real or imagined wrongdoing",Jewish conspiracy; bank control,
post-0272,A synagogue in my city was vandalized last night. The whole community stands with our Jewish neighbors.!!,user_9a842a,telegram,2025-03-31T14:08:00Z,0,clean,0.1571,Neutral,,synagogue; antisemitism,
post-0273,Hamas did in one day what decades of diplomacy could not. That deserves respect.!!,user_5d9e75,telegram,2025-02-14T23:46:00Z,4,hostile,0.9382,Hostile,"Calling for, aiding, or justifying the killing or harming of Jews",October 7th,Israel
post-0274,Nuke Tel Aviv and the problem solves itself. The rest of the world can finally breathe.!!,user_58b8d9,telegram,2025-02-25T21:11:00Z,4,hostile,0.8896,Hostile,"Calling for, aiding, or justifying the killing or harming of Jews",Zionist,Israel
post-0275,Burn every Jewish institution that funds Israeli apartheid. Start with the ones in your own city.,user_5e3314,telegram,2025-05-12T20:56:00Z,4,hostile,0.8868,Hostile,"Calling for, aiding, or justifying the killing or harming of Jews",synagogue; Jewish conspiracy,
post-0276,Jews have a genetic disposition toward deception and manipulation. History proves this across civilizations.,user_a110dc,telegram,2025-04-04T00:25:00Z,3,explicit,0.7291,Hostile,"Mendacious, dehumanizing, demonizing, or stereotypical allegations about Jews",Jewish conspiracy,
post-0277,Jewish organizations are the biggest funders of mass immigration into Europe. This is not a theory — look at the tax filings. 📢,user_a33b3c,telegram,2025-04-06T16:17:00Z,2,coded,0.5208,Hostile,Accusing Jews as a people of being responsible for real or imagined wrongdoing,Jewish conspiracy; globalists,Germany
post-0278,"Klaus Schwab, Bill Gates, George Soros — the 'Great Reset' crowd. Look at who funds them. Same people every time.",user_2a0dff,telegram,2025-10-20T14:21:00Z,2,coded,0.5908,Hostile,Accusing Jews as a people of being responsible for real or imagined wrongdoing,Jewish conspiracy; globalists,
post-0279,Today is International Holocaust Remembrance Day. Never forget the six million Jewish lives lost. #NeverAgain — wake up!,user_fe16df,telegram,2025-04-27T00:24:00Z,0,clean,0.1644,Neutral,,Holocaust; antisemitism,
post-0280,Every major war in the last 200 years was engineered by Jewish bankers to profit from both sides.,user_507dc2,telegram,2025-04-02T19:35:00Z,3,explicit,0.7859,Hostile,"Mendacious, dehumanizing, demonizing, or stereotypical allegations about Jews; Accusing Jews as a people of being responsible for real or imagined wrongdoing",Jewish conspiracy; bank control,
post-0281,A congressman with dual citizenship voting on military aid to the country he holds citizenship in. That's fine? ‼️,user_9ca153,telegram,2025-06-01T12:12:00Z,1,subtle,0.3784,Negative,Accusing Jewish citizens of dual loyalty,dual loyalty,
post-0282,"Funny how the same faces keep appearing at Davos every year. The same bankers, the same agenda. — share this!",user_a76631,telegram,2025-02-12T04:54:00Z,1,subtle,0.286,Hostile,,globalists; bank control,
post-0283,Israel's Magen David Adom volunteers continue providing aid across disaster zones worldwide. Proud of this work. 👀,user_a44d46,telegram,2025-05-07T00:26:00Z,0,clean,0.1032,Supportive,,,Israel
post-0284,Shabbat Shalom everyone! Wishing a peaceful and restful Shabbat to all those celebrating tonight. 🕎 👀,user_4c8c3d,telegram,2025-02-28T13:19:00Z,0,clean,0.133,Supportive,,,
post-0285,Making matzah ball soup from scratch this year for Passover. Wish me luck 🍜 🤔,user_0e452c,telegram,2025-04-21T20:26:00Z,0,clean,0.1568,Supportive,,,
post-0286,Jewish Zionists have infected Western institutions. Their goal is to silence all criticism of Israel. ‼️,user_c06a81,telegram,2025-07-10T16:37:00Z,2,coded,0.6485,Hostile,Accusing Jews as a people of being responsible for real or imagined wrongdoing,Zionist,
post-0287,The Nazis failed because they were too merciful. We should not make the same mistake. 🤔,user_c540d0,telegram,2025-07-31T21:19:00Z,4,hostile,0.9642,Hostile,"Calling for, aiding, or justifying the killing or harming of Jews; Mendacious, dehumanizing, demonizing, or stereotypical allegations about Jews",Jewish conspiracy,
post-0288,"I don't hate anyone, but I do think certain communities prioritize their own interests over national ones — and that needs discussion.!!",user_023d9d,telegram,2025-01-05T01:35:00Z,1,subtle,0.3273,Neutral,Accusing Jewish citizens of dual loyalty,,
post-0289,the Zionist state's siege of Gaza is a textbook example of collective punishment — the same tactic used in the Warsaw Ghetto.,user_3facfd,telegram,2025-05-20T15:04:00Z,2,coded,0.5404,Negative,Drawing comparisons of contemporary Israeli policy to that of the Nazis; Holding Jews collectively responsible for actions of the State of Israel,Holocaust; Zionist,Israel
post-0290,Jewish people have a genetic disposition toward deception and manipulation. History proves this across civilizations. 🤔,user_c92ecc,telegram,2025-09-27T13:01:00Z,3,explicit,0.704,Hostile,"Mendacious, dehumanizing, demonizing, or stereotypical allegations about Jews",Jewish conspiracy,
post-0291,Finishing what Hitler started is not hate speech — it is a political position held by millions. 🔥,user_58f8a5,telegram,2025-02-23T00:49:00Z,4,hostile,0.9778,Hostile,"Calling for, aiding, or justifying the killing or harming of Jews; Mendacious, dehumanizing, demonizing, or stereotypical allegations about Jews",Jewish conspiracy,
post-0292,The Jewish Museum in Berlin is one of the most powerful museums I've ever visited. A must-see. — wake up!,user_2a51aa,telegram,2025-03-20T23:59:00Z,0,clean,0.1401,Supportive,,,Germany
post-0293,Death to Israel and all who fund it. This is not a threat — it is a prayer. 📢,user_70a9b9,telegram,2025-09-10T15:13:00Z,4,hostile,0.8806,Hostile,"Calling for, aiding, or justifying the killing or harming of Jews",Zionist,Israel
post-0294,"Jewish people are parasites who feed on host nations until there is nothing left, then move on. History confirms this.",user_83db03,telegram,2025-05-26T19:20:00Z,3,explicit,0.8661,Hostile,"Mendacious, dehumanizing, demonizing, or stereotypical allegations about Jews",Jewish conspiracy,
post-0295,"I love Jewish culture and people, but Israel's actions make it hard to distinguish between Israeli policy and broader Jewish influence. — share this!",user_e0381d,telegram,2025-08-19T01:35:00Z,1,subtle,0.2612,Neutral,Holding Jews collectively responsible for actions of the State of Israel,,Israel
post-0296,The global elites pulling the strings behind our governments — follow the money. Always follow the money. 👀,user_3de6ac,telegram,2025-08-29T18:58:00Z,1,subtle,0.2417,Hostile,,globalists; bank control,
post-0297,Visited Yad Vashem in Jerusalem today. Walked through in silence. Some things cannot be put into words.,user_09e584,telegram,2025-11-27T09:19:00Z,0,clean,0.1836,Neutral,,Holocaust,Israel
post-0298,Zyklon B was a delousing agent. The idea it was used for mass murder is physically and logistically impossible.,user_e32724,telegram,2025-07-28T02:12:00Z,3,explicit,0.8072,Hostile,"Denying the fact, scope, mechanisms, or intentionality of the Holocaust",Holocaust,
post-0299,Every Israeli settler killed on October 7th was a colonizer. Not a civilian. Not a victim. 🔥,user_9d63d7,telegram,2025-12-27T09:33:00Z,4,hostile,0.9378,Hostile,"Calling for, aiding, or justifying the killing or harming of Jews; Holding Jews collectively responsible for actions of the State of Israel",October 7th; Zionist,Israel
post-0300,The Jewish Museum in Berlin is one of the most powerful museums I've ever visited. A must-see. 👀,user_85e3b2,telegram,2025-06-06T06:25:00Z,0,clean,0.1097,Supportive,,,Germany
post-0301,"9/11 benefited a very specific set of people. Those people had advance knowledge. This is documented, not conspiracy.",user_98e1cf,telegram,2025-01-05T00:42:00Z,2,coded,0.5911,Hostile,Accusing Jews as a people of being responsible for real or imagined wrongdoing,Jewish conspiracy,United States
post-0302,Burn every Jewish institution that funds Israeli apartheid. Start with the ones in your own city. ‼️,user_ceab30,telegram,2025-04-17T04:08:00Z,4,hostile,0.9396,Hostile,"Calling for, aiding, or justifying the killing or harming of Jews",synagogue; Jewish conspiracy,
post-0303,Jewish academics have infiltrated universities to promote degeneracy and erase Western culture. 👀,user_51c4eb,telegram,2025-10-17T04:01:00Z,3,explicit,0.7939,Hostile,"Mendacious, dehumanizing, demonizing, or stereotypical allegations about Jews; Accusing Jews as a people of being responsible for real or imagined wrongdoing",Jewish conspiracy,
post-0304,Yom Kippur begins at sundown. An important day of reflection and atonement for Jewish communities worldwide.,user_32b17c,telegram,2025-01-28T12:09:00Z,0,clean,0.137,Neutral,,,
post-0305,A Jew will smile at your face and stab you in the back. This is their nature — documented throughout history. — wake up!,user_d95fb9,telegram,2025-11-20T00:34:00Z,3,explicit,0.8692,Hostile,"Mendacious, dehumanizing, demonizing, or stereotypical allegations about Jews",Jewish conspiracy,
post-0306,"From the river to the sea — and after that, we deal with the Jewish diaspora that supported this colonial project. — wake up!",user_0306b0,telegram,2025-02-14T18:29:00Z,4,hostile,0.9454,Hostile,"Calling for, aiding, or justifying the killing or harming of Jews; Holding Jews collectively responsible for actions of the State of Israel",Zionist,Israel
post-0307,The new AI tools coming out this year are genuinely impressive. Exciting and slightly terrifying. ‼️,user_3f3ce1,telegram,2025-01-14T17:36:00Z,0,clean,0.0484,Neutral,,,
post-0308,The Rothschild family controls every central bank on earth and has engineered every major financial crisis since 1815.,user_d375b3,telegram,2025-07-29T16:12:00Z,3,explicit,0.8466,Hostile,"Mendacious, dehumanizing, demonizing, or stereotypical allegations about Jews; Accusing Jews as a people of being responsible for real or imagined wrongdoing",Jewish conspiracy; bank control,
post-0309,"Jewish community leaders in Germany have more loyalty to Tel Aviv than to Berlin. Always have, always will.",user_5f1c65,telegram,2025-10-23T05:14:00Z,3,explicit,0.7049,Hostile,Accusing Jewish citizens of dual loyalty,dual loyalty,Germany
post-0310,Western Jews lobbying for more weapons to Israel while condemning civilian deaths — hypocrisy on a historic scale.!!,user_76bacc,telegram,2025-03-31T20:19:00Z,2,coded,0.6065,Negative,Holding Jews collectively responsible for actions of the State of Israel,Zionist,
post-0311,Jewish academics have infiltrated universities to promote degeneracy and erase Western culture. 🔥,user_0fc6bf,telegram,2025-11-28T21:01:00Z,3,explicit,0.7923,Hostile,"Mendacious, dehumanizing, demonizing, or stereotypical allegations about Jews; Accusing Jews as a people of being responsible for real or imagined wrongdoing",Jewish conspiracy,
post-0312,If you criticize Saudi Arabia you're brave. If you criticize Israel you lose your job. That double standard is Jewish power.!!,user_d08e14,telegram,2025-06-23T22:43:00Z,3,explicit,0.8263,Hostile,Applying double standards to Israel not expected of any other democratic nation,media control,
post-0313,Hitler was right about one thing. He identified the enemy clearly. We should have the courage to do the same.,user_824e21,telegram,2025-09-25T11:00:00Z,4,hostile,0.9585,Hostile,"Calling for, aiding, or justifying the killing or harming of Jews; Mendacious, dehumanizing, demonizing, or stereotypical allegations about Jews",Jewish conspiracy,Germany
post-0314,"Best coffee I've ever had was at a tiny café in Porto. If you're ever there, go.",user_2eef3b,telegram,2025-04-29T05:53:00Z,0,clean,0.0344,Supportive,,,Portugal
post-0315,Question: why does every Western country prioritize Israel's security over the welfare of its own citizens? 🔥,user_7fb9d4,telegram,2025-09-09T15:22:00Z,1,subtle,0.4384,Negative,,dual loyalty,
post-0316,The Federal Reserve has never been properly audited. Who really controls our money supply? 📢,user_99334e,telegram,2025-09-11T13:59:00Z,1,subtle,0.3073,Hostile,,bank control,United States
post-0317,Every synagogue in Europe should be shut down. They are command centres for a fifth column.,user_934973,telegram,2025-12-28T17:27:00Z,4,hostile,0.9558,Hostile,"Calling for, aiding, or justifying the killing or harming of Jews",synagogue; Jewish conspiracy,Germany
post-0318,EXCLUSIVE: The IDF deliberately harvests organs from Palestinian civilians killed in airstrikes. — share this!,user_fc3035,telegram,2025-11-10T15:38:00Z,4,hostile,0.9466,Hostile,"Mendacious, dehumanizing, demonizing, or stereotypical allegations about Jews",Zionist,Israel
post-0319,Jewish lawyers dominate the legal system specifically to protect Jewish criminals from prosecution.,user_3804f0,telegram,2025-02-02T23:35:00Z,3,explicit,0.6996,Hostile,"Mendacious, dehumanizing, demonizing, or stereotypical allegations about Jews; Accusing Jews as a people of being responsible for real or imagined wrongdoing",Jewish conspiracy,
post-0320,"Jews invented communism to destroy Christian civilization. Marx, Lenin, Trotsky — all Jewish. Look it up. — share this!",user_322a4b,telegram,2025-03-16T23:59:00Z,3,explicit,0.8328,Hostile,"Mendacious, dehumanizing, demonizing, or stereotypical allegations about Jews; Accusing Jews as a people of being responsible for real or imagined wrongdoing",Jewish conspiracy,
post-0321,The LGBT agenda is a Jewish invention to weaken traditional family structures in Christian societies. 📢,user_455023,telegram,2025-08-27T00:32:00Z,3,explicit,0.7353,Hostile,Accusing Jews as a people of being responsible for real or imagined wrongdoing,Jewish conspiracy,
post-0322,"Jewish community leaders in Germany have more loyalty to Tel Aviv than to Berlin. Always have, always will. — wake up!",user_bacdbe,telegram,2025-06-20T07:07:00Z,3,explicit,0.7588,Hostile,Accusing Jewish citizens of dual loyalty,dual loyalty,Germany
post-0323,Visited Yad Vashem in Jerusalem today. Walked through in silence. Some things cannot be put into words. ‼️,user_8ad145,telegram,2025-12-03T20:04:00Z,0,clean,0.0544,Neutral,,Holocaust,Israel
post-0324,The Federal Reserve has never been properly audited. Who really controls our money supply?!!,user_ce2626,telegram,2025-04-08T02:46:00Z,1,subtle,0.4122,Hostile,,bank control,United States
post-0325,"The Talmud literally instructs Jews to cheat, lie to, and exploit non-Jews. This is their sacred text. ‼️",user_8ddfca,telegram,2025-02-11T03:02:00Z,3,explicit,0.7221,Hostile,"Mendacious, dehumanizing, demonizing, or stereotypical allegations about Jews",Jewish conspiracy,
post-0326,Some people serve two masters. The question is which one comes first when there's a conflict. — wake up!,user_5916b4,telegram,2025-11-26T07:41:00Z,1,subtle,0.3892,Negative,Accusing Jewish citizens of dual loyalty,dual loyalty,
post-0327,George Soros funds organizations in over 100 countries. Why does one man have so much global influence? 🤔,user_6e1e63,telegram,2025-04-25T08:48:00Z,1,subtle,0.3801,Hostile,,globalists,United States
post-0328,Hollywood has made the Holocaust its permanent focus. Almost as if some people profit from keeping the guilt alive.,user_c5e09b,telegram,2025-03-26T02:49:00Z,2,coded,0.5534,Hostile,"Accusing the Jews as a people, or Israel as a state, of inventing or exaggerating the Holocaust",Holocaust,United States
post-0329,The Protocols of the Elders of Zion is not a forgery — it's a blueprint that has been executed with precision.,user_f85a80,telegram,2025-11-26T16:13:00Z,3,explicit,0.6946,Hostile,"Mendacious, dehumanizing, demonizing, or stereotypical allegations about Jews; Accusing Jews as a people of being responsible for real or imagined wrongdoing",Jewish conspiracy,
post-0330,"Jews started World War I, World War II, and are now engineering World War III. Same families, same playbook. 👀",user_b69ce7,telegram,2025-10-02T21:36:00Z,3,explicit,0.7282,Hostile,Accusing Jews as a people of being responsible for real or imagined wrongdoing,Jewish conspiracy,
post-0331,Hamas did in one day what decades of diplomacy could not. That deserves respect. 🔥,user_b6dea2,telegram,2025-01-30T00:19:00Z,4,hostile,0.9696,Hostile,"Calling for, aiding, or justifying the killing or harming of Jews",October 7th,Israel
post-0332,"From the river to the sea — and after that, we deal with the Jewish diaspora that supported this colonial project.",user_f54cc2,telegram,2025-12-19T18:55:00Z,4,hostile,0.9479,Hostile,"Calling for, aiding, or justifying the killing or harming of Jews; Holding Jews collectively responsible for actions of the State of Israel",Zionist,Israel
post-0333,Israeli scientists have published a major breakthrough in Alzheimer's research. Great news for patients worldwide.,user_42e5cc,telegram,2025-02-21T05:23:00Z,0,clean,0.1754,Supportive,,,Israel
post-0334,The economic data released today shows inflation easing slightly. Still a long way to go though.,user_6da77f,telegram,2025-05-19T02:02:00Z,0,clean,0.1443,Neutral,,,
post-0335,The only solution to the Jewish problem is the same one that has been tried many times throughout history. 📢,user_40cb0b,telegram,2025-06-20T23:25:00Z,4,hostile,0.9382,Hostile,"Calling for, aiding, or justifying the killing or harming of Jews",Jewish conspiracy,
post-0336,Jewish organizations are the biggest funders of mass immigration into Europe. This is not a theory — look at the tax filings. 👀,user_06d95d,telegram,2025-04-17T22:19:00Z,2,coded,0.6633,Hostile,Accusing Jews as a people of being responsible for real or imagined wrongdoing,Jewish conspiracy; globalists,Germany
post-0337,Jewish politicians in Germany consistently vote for Israel's interests over Germany's. This is dual loyalty — call it what it is. 🔥,user_6ae15a,telegram,2025-08-13T04:31:00Z,2,coded,0.6654,Hostile,Accusing Jewish citizens of dual loyalty,dual loyalty,Germany
post-0338,Klezmer music is so joyful and moving. Attended a live performance last night — incredible. — wake up!,user_cbf96d,telegram,2025-04-08T11:54:00Z,0,clean,0.0977,Supportive,,,
post-0339,"Not saying who, but a certain tiny group of people owns a disproportionate amount of our media. ‼️",user_ab15dc,telegram,2025-11-17T23:38:00Z,1,subtle,0.4277,Hostile,,media control,
post-0340,Another 'coincidence' — the politicians who voted for the bailout all received campaign donations from the same banks. 📢,user_fe7660,telegram,2025-08-24T13:46:00Z,1,subtle,0.3827,Neutral,,bank control,
post-0341,The new season of this show is absolutely incredible. Cannot stop watching. 👀,user_169558,telegram,2025-12-12T10:17:00Z,0,clean,0.135,Supportive,,,
post-0342,The reason housing is unaffordable is Jewish landlords and real-estate firms systematically pricing out gentiles.,user_3049bd,telegram,2025-02-08T00:18:00Z,3,explicit,0.7002,Hostile,"Mendacious, dehumanizing, demonizing, or stereotypical allegations about Jews; Accusing Jews as a people of being responsible for real or imagined wrongdoing",Jewish conspiracy; bank control,
post-0343,Zyklon B was a delousing agent. The idea it was used for mass murder is physically and logistically impossible. 👀,user_7c237d,telegram,2025-05-22T15:38:00Z,3,explicit,0.863,Hostile,"Denying the fact, scope, mechanisms, or intentionality of the Holocaust",Holocaust,
post-0344,"From the river to the sea — and after that, we deal with the Jewish diaspora that supported this colonial project. 🔥",user_5248ee,telegram,2025-08-23T07:37:00Z,4,hostile,0.9418,Hostile,"Calling for, aiding, or justifying the killing or harming of Jews; Holding Jews collectively responsible for actions of the State of Israel",Zionist,Israel
post-0345,Jewish identity is built on victimhood and manipulation. The 'antisemitism' card is their most powerful weapon. — share this!,user_e26883,telegram,2025-10-15T21:25:00Z,3,explicit,0.7582,Hostile,"Mendacious, dehumanizing, demonizing, or stereotypical allegations about Jews",Jewish conspiracy,
post-0346,It's just a coincidence that the loudest voices for censorship are the ones who'd benefit most from it. 👀,user_29eda7,telegram,2025-04-06T08:47:00Z,1,subtle,0.3626,Neutral,,Jewish conspiracy,
post-0347,"COVID vaccines were designed by people connected to the Davos crowd — same names, same agenda, same profits. 🔥",user_2a0409,telegram,2025-06-19T11:02:00Z,2,coded,0.5045,Hostile,Accusing Jews as a people of being responsible for real or imagined wrongdoing,globalists,
post-0348,More civilians died in the Allied bombing of Dresden than in some camps. Why is one tragedy commemorated and the other ignored?,user_f39b7b,telegram,2025-04-08T21:44:00Z,2,coded,0.5429,Negative,"Denying the fact, scope, mechanisms, or intentionality of the Holocaust",Holocaust,Germany
post-0349,Some people serve two masters. The question is which one comes first when there's a conflict.!!,user_ce9346,telegram,2025-05-05T02:53:00Z,1,subtle,0.2557,Negative,Accusing Jewish citizens of dual loyalty,dual loyalty,
post-0350,Why does the mainstream media never critically cover Israel the way it covers other countries? Genuinely asking. 📢,user_09470a,telegram,2025-05-27T08:32:00Z,1,subtle,0.2804,Negative,,media control,
post-0351,George Soros funds organizations in over 100 countries. Why does one man have so much global influence? — wake up!,user_2c3d15,telegram,2025-05-20T14:51:00Z,1,subtle,0.3309,Hostile,,globalists,United States
post-0352,Chag Sameach! Wishing everyone a joyful and meaningful Passover. May the story of freedom inspire us all. ‼️,user_3cb98e,telegram,2025-01-09T01:26:00Z,0,clean,0.0828,Supportive,,,
post-0353,"People are afraid to say it openly, but they think it privately. That gap between public and private opinion is growing.",user_df0561,telegram,2025-10-21T08:16:00Z,1,subtle,0.3481,Neutral,,Jewish conspiracy,
post-0354,A synagogue in my city was vandalized last night. The whole community stands with our Jewish neighbors. — wake up!,user_7e4a83,telegram,2025-02-28T20:01:00Z,0,clean,0.101,Neutral,,synagogue; antisemitism,
post-0355,The Dead Sea is truly unlike anything else on earth. Floating effortlessly while reading a newspaper 📰 🤔,user_a3b24e,telegram,2025-08-15T17:55:00Z,0,clean,0.1066,Supportive,,,Israel
post-0356,A congressman with dual citizenship voting on military aid to the country he holds citizenship in. That's fine?,user_b817af,telegram,2025-11-12T23:42:00Z,1,subtle,0.3603,Negative,Accusing Jewish citizens of dual loyalty,dual loyalty,
post-0357,A synagogue in my city was vandalized last night. The whole community stands with our Jewish neighbors. 📢,user_e534aa,telegram,2025-09-02T04:45:00Z,0,clean,0.0709,Neutral,,synagogue; antisemitism,
post-0358,"Not a hateful person, but when the same group appears at the top of media, finance, and politics, you have to ask why. 📢",user_442cf1,telegram,2025-04-20T06:56:00Z,1,subtle,0.2294,Hostile,"Mendacious, dehumanizing, demonizing, or stereotypical allegations about Jews",media control; bank control,
post-0359,The Zionist lobby has America by the throat. It's not a conspiracy — it's just money and power.!!,user_7d2b2c,telegram,2025-07-08T22:32:00Z,2,coded,0.5178,Hostile,Accusing Jews as a people of being responsible for real or imagined wrongdoing,Zionist; bank control,United States
post-0360,Jewish academics have infiltrated universities to promote degeneracy and erase Western culture.,user_ddc090,telegram,2025-05-11T23:49:00Z,3,explicit,0.7608,Hostile,"Mendacious, dehumanizing, demonizing, or stereotypical allegations about Jews; Accusing Jews as a people of being responsible for real or imagined wrongdoing",Jewish conspiracy,
post-0361,PROOF: The October 7th attack was a false flag staged by Mossad to justify the invasion of Gaza. 📢,user_c0abf0,telegram,2025-04-17T09:11:00Z,4,hostile,0.9491,Hostile,"Accusing Jews as a people of being responsible for real or imagined wrongdoing; Accusing the Jews as a people, or Israel as a state, of inventing or exaggerating the Holocaust",October 7th; Jewish conspiracy,Israel
post-0362,"From the river to the sea — and after that, we deal with the Jewish diaspora that supported this colonial project.",user_f54cc2,telegram,2025-01-23T13:58:00Z,4,hostile,0.9405,Hostile,"Calling for, aiding, or justifying the killing or harming of Jews; Holding Jews collectively responsible for actions of the State of Israel",Zionist,Israel
post-0363,Every synagogue in Europe should be shut down. They are command centres for a fifth column. 🔥,user_2aa348,telegram,2025-09-14T11:11:00Z,4,hostile,0.8899,Hostile,"Calling for, aiding, or justifying the killing or harming of Jews",synagogue; Jewish conspiracy,Germany
post-0364,Death to the Zionist state and all who fund it. This is not a threat — it is a prayer.,user_b57c30,telegram,2025-03-09T14:00:00Z,4,hostile,0.8929,Hostile,"Calling for, aiding, or justifying the killing or harming of Jews",Zionist,Israel
post-0365,Beautiful sunrise this morning. Took a long walk by the river. Sometimes you just need that. — wake up!,user_f2a571,telegram,2025-04-08T10:15:00Z,0,clean,0.0317,Supportive,,,
post-0366,"Not a hateful person, but when the same group appears at the top of media, finance, and politics, you have to ask why. 👀",user_8800a9,telegram,2025-03-03T04:58:00Z,1,subtle,0.2884,Hostile,"Mendacious, dehumanizing, demonizing, or stereotypical allegations about Jews",media control; bank control,
post-0367,The Holocaust was Allied war propaganda to justify the destruction of Germany. The real victims were Germans.,user_f87c07,telegram,2025-08-12T16:53:00Z,3,explicit,0.8206,Hostile,"Denying the fact, scope, mechanisms, or intentionality of the Holocaust; Accusing the Jews as a people, or Israel as a state, of inventing or exaggerating the Holocaust",Holocaust,Germany
post-0368,EXCLUSIVE: The IDF deliberately harvests organs from Palestinian civilians killed in airstrikes. — wake up!,user_16b001,telegram,2025-10-05T19:35:00Z,4,hostile,0.8913,Hostile,"Mendacious, dehumanizing, demonizing, or stereotypical allegations about Jews",Zionist,Israel
post-0369,I'm allowed to ask: why do so many government advisors hold dual citizenship with Israel? 📢,user_c11a36,telegram,2025-04-25T07:09:00Z,1,subtle,0.3438,Negative,,dual loyalty,
post-0370,The IDF's behavior in civilian areas is indistinguishable from Nazi military doctrine. History repeating itself.,user_fd4075,telegram,2025-11-01T16:20:00Z,2,coded,0.5992,Hostile,Drawing comparisons of contemporary Israeli policy to that of the Nazis,Holocaust; Zionist,Israel
post-0371,Hitler was right about one thing. He identified the enemy clearly. We should have the courage to do the same. 🤔,user_f88152,telegram,2025-04-09T15:02:00Z,4,hostile,0.8951,Hostile,"Calling for, aiding, or justifying the killing or harming of Jews; Mendacious, dehumanizing, demonizing, or stereotypical allegations about Jews",Jewish conspiracy,Germany
post-0372,Jewish lawyers dominate the legal system specifically to protect Jewish criminals from prosecution. 📢,user_964b1e,telegram,2025-09-01T18:22:00Z,3,explicit,0.857,Hostile,"Mendacious, dehumanizing, demonizing, or stereotypical allegations about Jews; Accusing Jews as a people of being responsible for real or imagined wrongdoing",Jewish conspiracy,
post-0373,The IDF's behavior in civilian areas is indistinguishable from Nazi military doctrine. History repeating itself. — share this!,user_75901d,telegram,2025-04-25T05:34:00Z,2,coded,0.618,Hostile,Drawing comparisons of contemporary Israeli policy to that of the Nazis,Holocaust; Zionist,Israel
post-0374,Schools should make Holocaust education mandatory. Understanding history is the only way to prevent it repeating.!!,user_445f31,telegram,2025-05-31T19:23:00Z,0,clean,0.1653,Neutral,,Holocaust; antisemitism,
post-0375,"Jewish community leaders in Germany have more loyalty to Tel Aviv than to Berlin. Always have, always will. 🔥",user_cf9234,telegram,2025-10-26T02:25:00Z,3,explicit,0.6859,Hostile,Accusing Jewish citizens of dual loyalty,dual loyalty,Germany
post-0376,Jewish journalists write about antisemitism constantly but never about Jewish power in media. Conflict of interest?,user_f6f559,telegram,2025-03-06T05:01:00Z,2,coded,0.5554,Negative,Accusing Jewish citizens of dual loyalty,media control,
post-0377,The think tanks shaping foreign policy — look at who funds them. You'll see a pattern. 👀,user_57f2cc,telegram,2025-11-06T06:12:00Z,1,subtle,0.2861,Hostile,,Jewish conspiracy; bank control,
post-0378,Remarkable how the same foundation keeps appearing connected to every major social upheaval of the last 20 years. 🔥,user_34834c,telegram,2025-12-05T21:39:00Z,1,subtle,0.2448,Neutral,,globalists,
post-0379,Healthcare workers deserve better pay and conditions. Simple as that.!!,user_84c85f,telegram,2025-03-30T03:29:00Z,0,clean,0.1943,Neutral,,,
post-0380,"The attack on the Nova festival targeted oppressors dancing on occupied land. This is context, not justification. 🤔",user_a702fa,telegram,2025-10-08T16:39:00Z,4,hostile,0.9069,Hostile,"Calling for, aiding, or justifying the killing or harming of Jews",October 7th,Israel
post-0381,What a coincidence that the biggest media donors all seem to have the same political interests in the Middle East.,user_eda05c,telegram,2025-07-22T00:08:00Z,1,subtle,0.4384,Neutral,,media control; dual loyalty,
post-0382,"The six million figure appeared in Jewish newspapers as early as 1900. It's a ritual number, not a historical one.",user_79a0c9,telegram,2025-02-04T20:40:00Z,3,explicit,0.7021,Hostile,"Denying the fact, scope, mechanisms, or intentionality of the Holocaust; Accusing the Jews as a people, or Israel as a state, of inventing or exaggerating the Holocaust",Holocaust,
post-0383,CONFIRMED: Jewish doctors are deliberately administering different (weaker) vaccines to non-Jewish patients.,user_dc2c4f,telegram,2025-01-19T22:24:00Z,4,hostile,0.9026,Hostile,"Mendacious, dehumanizing, demonizing, or stereotypical allegations about Jews; Accusing Jews as a people of being responsible for real or imagined wrongdoing",Jewish conspiracy,
post-0384,Tel Aviv ranked among the top tech startup ecosystems in the world again this year. 🇮🇱,user_e2bcec,telegram,2025-11-28T12:58:00Z,0,clean,0.1226,Supportive,,,Israel
post-0385,Healthcare workers deserve better pay and conditions. Simple as that. ‼️,user_857dab,telegram,2025-11-16T03:43:00Z,0,clean,0.1254,Neutral,,,
post-0386,The Auschwitz-Birkenau Memorial receives over two million visitors a year. Memory is an act of resistance.,user_66f93e,telegram,2025-05-13T18:17:00Z,0,clean,0.0903,Neutral,,Holocaust,Poland
post-0387,What a coincidence that the biggest media donors all seem to have the same political interests in the Middle East. ‼️,user_e00e57,telegram,2025-11-07T03:02:00Z,1,subtle,0.303,Neutral,,media control; dual loyalty,
post-0388,My grandmother survived Auschwitz. She passed last year at 96. Her testimony will live on forever. #HolocaustRemembrance — share this!,user_14f5cb,telegram,2025-11-02T08:17:00Z,0,clean,0.0551,Neutral,,Holocaust,Poland
post-0389,The Zionist lobby has America by the throat. It's not a conspiracy — it's just money and power. 👀,user_8e70d2,telegram,2025-02-21T17:55:00Z,2,coded,0.5001,Hostile,Accusing Jews as a people of being responsible for real or imagined wrongdoing,Zionist; bank control,United States
post-0390,October 7th was the most beautiful day in the history of Palestinian resistance. Heroes walked into enemy territory. ‼️,user_f3a5ff,telegram,2025-07-08T20:52:00Z,4,hostile,0.9129,Hostile,"Calling for, aiding, or justifying the killing or harming of Jews",October 7th,Israel
post-0391,Remarkable how the same foundation keeps appearing connected to every major social upheaval of the last 20 years.!!,user_081b3a,telegram,2025-01-17T10:25:00Z,1,subtle,0.363,Neutral,,globalists,
post-0392,CONFIRMED: Jewish doctors are deliberately administering different (weaker) vaccines to non-Jewish patients.!!,user_4bd588,telegram,2025-04-10T18:53:00Z,4,hostile,0.9715,Hostile,"Mendacious, dehumanizing, demonizing, or stereotypical allegations about Jews; Accusing Jews as a people of being responsible for real or imagined wrongdoing",Jewish conspiracy,
post-0393,Israel and the UAE normalizing relations is a historic step for regional stability. Hope it continues. 📢,user_a8b4be,telegram,2025-01-22T21:01:00Z,0,clean,0.0975,Neutral,,,Israel
post-0394,The IDF's behavior in civilian areas is indistinguishable from Nazi military doctrine. History repeating itself.,user_fd4075,telegram,2025-02-16T06:42:00Z,2,coded,0.5119,Hostile,Drawing comparisons of contemporary Israeli policy to that of the Nazis,Holocaust; Zionist,Israel
post-0395,Another 'coincidence' — the politicians who voted for the bailout all received campaign donations from the same banks.,user_66a574,telegram,2025-11-13T07:53:00Z,1,subtle,0.3065,Neutral,,bank control,
post-0396,Israel's siege of Gaza is a textbook example of collective punishment — the same tactic used in the Warsaw Ghetto. 👀,user_4c4037,telegram,2025-05-22T16:41:00Z,2,coded,0.6017,Negative,Drawing comparisons of contemporary Israeli policy to that of the Nazis; Holding Jews collectively responsible for actions of the State of Israel,Holocaust; Zionist,Israel
post-0397,Zionism is to Judaism what Nazism is to Germany — an extremist political movement hiding behind identity. 📢,user_2c73cf,telegram,2025-04-30T13:06:00Z,2,coded,0.591,Hostile,Drawing comparisons of contemporary Israeli policy to that of the Nazis,Zionist,
post-0398,Israel could not exist for a single day without Jewish financial networks propping it up globally. — share this!,user_00c39a,telegram,2025-12-03T20:54:00Z,2,coded,0.4803,Hostile,Accusing Jews as a people of being responsible for real or imagined wrongdoing,Zionist; bank control,Israel
post-0399,The Jewish Museum in Berlin is one of the most powerful museums I've ever visited. A must-see. 🔥,user_a8b385,telegram,2025-03-04T07:34:00Z,0,clean,0.0627,Supportive,,,Germany
post-0400,Six million is a very round number. Historians debate the actual toll — why is that discussion forbidden? — share this!,user_58355f,telegram,2025-07-09T02:31:00Z,2,coded,0.5261,Hostile,"Denying the fact, scope, mechanisms, or intentionality of the Holocaust; Accusing the Jews as a people, or Israel as a state, of inventing or exaggerating the Holocaust",Holocaust,
post-0401,"No hate intended, but has anyone else noticed which communities seem to be behind most major financial scandals?",user_e1a23a,telegram,2025-04-13T03:32:00Z,1,subtle,0.3861,Negative,"Mendacious, dehumanizing, demonizing, or stereotypical allegations about Jews",bank control,
post-0402,"When the revolution comes, the bankers will be the first ones up against the wall. You know who they are. — share this!",user_8004ee,telegram,2025-05-11T10:19:00Z,4,hostile,0.9559,Hostile,"Calling for, aiding, or justifying the killing or harming of Jews",bank control,
post-0403,The Federal Reserve has never been properly audited. Who really controls our money supply?,user_dbacf7,telegram,2025-03-26T07:29:00Z,1,subtle,0.2448,Hostile,,bank control,United States
post-0404,"Jews started World War I, World War II, and are now engineering World War III. Same families, same playbook.",user_011e83,telegram,2025-03-02T00:16:00Z,3,explicit,0.7446,Hostile,Accusing Jews as a people of being responsible for real or imagined wrongdoing,Jewish conspiracy,
post-0405,"Klaus Schwab, Bill Gates, George Soros — the 'Great Reset' crowd. Look at who funds them. Same people every time.!!",user_e09b5f,telegram,2025-12-24T05:06:00Z,2,coded,0.5087,Hostile,Accusing Jews as a people of being responsible for real or imagined wrongdoing,Jewish conspiracy; globalists,
post-0406,Just visited a beautiful synagogue in Prague. The history and architecture are breathtaking.,user_a25de4,telegram,2025-03-18T22:34:00Z,0,clean,0.1132,Supportive,,synagogue,Czech Republic
post-0407,Traffic in the city this morning was a nightmare. Took two hours for what's normally 30 minutes. 📢,user_b32edb,telegram,2025-08-27T02:39:00Z,0,clean,0.1066,Negative,,,
post-0408,Hollywood has made the Holocaust its permanent focus. Almost as if some people profit from keeping the guilt alive. ‼️,user_570b24,telegram,2025-06-15T09:01:00Z,2,coded,0.6546,Hostile,"Accusing the Jews as a people, or Israel as a state, of inventing or exaggerating the Holocaust",Holocaust,United States
post-0409,Ask yourself: why is Holocaust denial illegal? Because the story can't survive scrutiny. That's why.!!,user_5ebf0f,telegram,2025-04-07T01:16:00Z,3,explicit,0.8437,Hostile,"Denying the fact, scope, mechanisms, or intentionality of the Holocaust; Accusing the Jews as a people, or Israel as a state, of inventing or exaggerating the Holocaust",Holocaust,
post-0410,What a coincidence that the biggest media donors all seem to have the same political interests in the Middle East. — wake up!,user_51dfd1,telegram,2025-06-14T17:24:00Z,1,subtle,0.2727,Neutral,,media control; dual loyalty,
post-0411,Every Jewish donor to Israeli military campaigns shares moral responsibility for the deaths of children.,user_03a9b0,telegram,2025-05-30T10:30:00Z,2,coded,0.5125,Hostile,Holding Jews collectively responsible for actions of the State of Israel,,Israel
post-0412,Armed resistance against Zionist occupation is not terrorism — it is a sacred duty for every free person. 🤔,user_06a93b,telegram,2025-07-16T00:43:00Z,4,hostile,0.8951,Hostile,"Calling for, aiding, or justifying the killing or harming of Jews",Zionist,Israel
post-0413,The new season of this show is absolutely incredible. Cannot stop watching.,user_0926b7,telegram,2025-09-02T11:52:00Z,0,clean,0.19,Supportive,,,
post-0414,EXCLUSIVE: The IDF deliberately harvests organs from Palestinian civilians killed in airstrikes.,user_539f03,telegram,2025-03-17T07:01:00Z,4,hostile,0.9723,Hostile,"Mendacious, dehumanizing, demonizing, or stereotypical allegations about Jews",Zionist,Israel
post-0415,Every major war in the last 200 years was engineered by Jewish bankers to profit from both sides.,user_507dc2,telegram,2025-04-01T04:31:00Z,3,explicit,0.8597,Hostile,"Mendacious, dehumanizing, demonizing, or stereotypical allegations about Jews; Accusing Jews as a people of being responsible for real or imagined wrongdoing",Jewish conspiracy; bank control,
post-0416,"A final accounting is coming. The names are being written down. Every Rothschild, every Soros, every collaborator. 👀",user_bcf732,telegram,2025-08-15T05:07:00Z,4,hostile,0.9151,Hostile,"Calling for, aiding, or justifying the killing or harming of Jews",Jewish conspiracy; bank control,
post-0417,Question: why does every Western country prioritize Israel's security over the welfare of its own citizens?,user_9ef7e2,telegram,2025-02-12T00:28:00Z,1,subtle,0.386,Negative,,dual loyalty,
post-0418,Jewish Zionists have infected Western institutions. Their goal is to silence all criticism of Israel. 👀,user_8f2001,telegram,2025-09-29T19:49:00Z,2,coded,0.6684,Hostile,Accusing Jews as a people of being responsible for real or imagined wrongdoing,Zionist,
post-0419,"Jewish people control the banks, the media, and the governments of the Western world. This is not a conspiracy — it's documented.",user_1229fc,telegram,2025-08-19T21:10:00Z,3,explicit,0.779,Hostile,"Mendacious, dehumanizing, demonizing, or stereotypical allegations about Jews; Accusing Jews as a people of being responsible for real or imagined wrongdoing",Jewish conspiracy; media control; bank control,
post-0420,"A final accounting is coming. The names are being written down. Every Rothschild, every Soros, every collaborator. ‼️",user_11666b,telegram,2025-07-23T17:49:00Z,4,hostile,0.912,Hostile,"Calling for, aiding, or justifying the killing or harming of Jews",Jewish conspiracy; bank control,
post-0421,Chag Sameach! Wishing everyone a joyful and meaningful Passover. May the story of freedom inspire us all.,user_fc4032,telegram,2025-06-18T03:14:00Z,0,clean,0.1903,Supportive,,,
post-0422,Antisemitic incidents have risen sharply this year. This is unacceptable and we all must speak out.,user_17562b,telegram,2025-10-29T02:42:00Z,0,clean,0.1534,Negative,,antisemitism,
post-0423,Hitler was right about one thing. He identified the enemy clearly. We should have the courage to do the same.,user_824e21,telegram,2025-05-29T04:11:00Z,4,hostile,0.9857,Hostile,"Calling for, aiding, or justifying the killing or harming of Jews; Mendacious, dehumanizing, demonizing, or stereotypical allegations about Jews",Jewish conspiracy,Germany
post-0424,The LGBT agenda is a Jewish invention to weaken traditional family structures in Christian societies.,user_8d839b,telegram,2025-05-15T10:27:00Z,3,explicit,0.7519,Hostile,Accusing Jews as a people of being responsible for real or imagined wrongdoing,Jewish conspiracy,
post-0425,Yom Kippur begins at sundown. An important day of reflection and atonement for Jewish communities worldwide. ‼️,user_8bbb4c,telegram,2025-04-04T23:13:00Z,0,clean,0.1747,Neutral,,,
post-0426,The Zionist lobby has America by the throat. It's not a conspiracy — it's just money and power. — wake up!,user_d77087,telegram,2025-12-27T02:25:00Z,2,coded,0.6185,Hostile,Accusing Jews as a people of being responsible for real or imagined wrongdoing,Zionist; bank control,United States
post-0427,Anne Frank's diary was written in ballpoint pen — which wasn't invented until after the war. Think about it.!!,user_6d8405,telegram,2025-06-21T16:23:00Z,3,explicit,0.7655,Hostile,"Accusing the Jews as a people, or Israel as a state, of inventing or exaggerating the Holocaust",Holocaust,
post-0428,The new season of this show is absolutely incredible. Cannot stop watching. — wake up!,user_1a7335,telegram,2025-12-28T20:24:00Z,0,clean,0.1566,Supportive,,,
post-0429,Remarkable how the same foundation keeps appearing connected to every major social upheaval of the last 20 years.,user_d987db,telegram,2025-05-18T23:09:00Z,1,subtle,0.2792,Neutral,,globalists,
post-0430,Every major color revolution in the last 20 years traces back to the same NGO networks. Follow the funding. 📢,user_68b657,telegram,2025-09-22T19:52:00Z,2,coded,0.572,Hostile,Accusing Jews as a people of being responsible for real or imagined wrongdoing,Jewish conspiracy; globalists,
post-0431,"Jews started World War I, World War II, and are now engineering World War III. Same families, same playbook. — share this!",user_78f472,telegram,2025-10-18T09:25:00Z,3,explicit,0.7868,Hostile,Accusing Jews as a people of being responsible for real or imagined wrongdoing,Jewish conspiracy,
post-0432,Why do we allow foreign lobbies to dictate our domestic policy? AIPAC spends more than any other foreign lobby.,user_44a60c,telegram,2025-04-06T01:41:00Z,1,subtle,0.3402,Negative,Accusing Jewish citizens of dual loyalty,dual loyalty,United States
post-0433,"Just landed in Tel Aviv for the first time. The food, the energy, the people — absolutely love it here. 👀",user_80b380,telegram,2025-07-05T10:27:00Z,0,clean,0.1714,Supportive,,,Israel
post-0434,"Not blaming anyone, just observing patterns. Patterns don't lie even when people say you're not allowed to discuss them. — share this!",user_50bd1f,telegram,2025-07-04T11:05:00Z,1,subtle,0.3057,Neutral,,Jewish conspiracy,
post-0435,The Dead Sea is truly unlike anything else on earth. Floating effortlessly while reading a newspaper 📰 — share this!,user_4e2355,telegram,2025-05-26T23:30:00Z,0,clean,0.0321,Supportive,,,Israel
post-0436,"A final accounting is coming. The names are being written down. Every Rothschild, every Soros, every collaborator.",user_ccd0a3,telegram,2025-08-27T04:28:00Z,4,hostile,0.9794,Hostile,"Calling for, aiding, or justifying the killing or harming of Jews",Jewish conspiracy; bank control,
post-0437,BOMBSHELL: Rothschild family met privately with three heads of state one week before the 2008 financial crash. — share this!,user_aaf671,telegram,2025-09-06T00:09:00Z,4,hostile,0.9357,Hostile,Accusing Jews as a people of being responsible for real or imagined wrongdoing,Jewish conspiracy; bank control,United States
post-0438,Hollywood has made the Holocaust its permanent focus. Almost as if some people profit from keeping the guilt alive. ‼️,user_570b24,telegram,2025-08-23T08:50:00Z,2,coded,0.5325,Hostile,"Accusing the Jews as a people, or Israel as a state, of inventing or exaggerating the Holocaust",Holocaust,United States
post-0439,LEAKED: Mossad operatives were behind the Nord Stream pipeline bombing. German intelligence has the proof. — share this!,user_a1d44b,telegram,2025-09-14T01:51:00Z,4,hostile,0.9347,Hostile,Accusing Jews as a people of being responsible for real or imagined wrongdoing,Jewish conspiracy,Germany
post-0440,The new season of this show is absolutely incredible. Cannot stop watching. — share this!,user_9be8b6,telegram,2025-06-05T10:15:00Z,0,clean,0.1679,Supportive,,,
post-0441,"Klaus Schwab, Bill Gates, George Soros — the 'Great Reset' crowd. Look at who funds them. Same people every time. ‼️",user_e97fad,telegram,2025-03-17T11:48:00Z,2,coded,0.6667,Hostile,Accusing Jews as a people of being responsible for real or imagined wrongdoing,Jewish conspiracy; globalists,
post-0442,"The attack on the Nova festival targeted oppressors dancing on occupied land. This is context, not justification. — wake up!",user_4e8587,telegram,2025-01-22T01:24:00Z,4,hostile,0.9882,Hostile,"Calling for, aiding, or justifying the killing or harming of Jews",October 7th,Israel
post-0443,Beautiful sunrise this morning. Took a long walk by the river. Sometimes you just need that. — wake up!,user_f2a571,telegram,2025-07-08T23:35:00Z,0,clean,0.1429,Supportive,,,
post-0444,Every Jewish donor to Israeli military campaigns shares moral responsibility for the deaths of children.,user_03a9b0,telegram,2025-06-20T03:12:00Z,2,coded,0.5708,Hostile,Holding Jews collectively responsible for actions of the State of Israel,,Israel
post-0445,My team won the championship last night!! What a match. Still can't believe it 🏆 — wake up!,user_0f6fe9,telegram,2025-11-29T21:07:00Z,0,clean,0.1492,Supportive,,,
post-0446,The global elites pulling the strings behind our governments — follow the money. Always follow the money.!!,user_100713,telegram,2025-11-01T09:28:00Z,1,subtle,0.2348,Hostile,,globalists; bank control,
post-0447,My team won the championship last night!! What a match. Still can't believe it 🏆!!,user_d9e5a9,telegram,2025-02-06T01:13:00Z,0,clean,0.126,Supportive,,,
post-0448,BOMBSHELL: Rothschild family met privately with three heads of state one week before the 2008 financial crash.,user_f243c2,telegram,2025-02-27T19:50:00Z,4,hostile,0.9133,Hostile,Accusing Jews as a people of being responsible for real or imagined wrongdoing,Jewish conspiracy; bank control,United States
post-0449,Why is it antisemitic to point out that AIPAC has enormous influence over US elections? That's just factual. 🤔,user_076053,telegram,2025-12-16T04:51:00Z,1,subtle,0.3898,Negative,,dual loyalty,United States
post-0450,"The Holocaust was a tragedy, but so were the famines in India and the gulags. Why does one event dominate all others? — wake up!",user_3ae5ab,telegram,2025-02-19T08:13:00Z,2,coded,0.5713,Neutral,"Denying the fact, scope, mechanisms, or intentionality of the Holocaust",Holocaust,
post-0451,Jews have no genuine home. They are eternal wanderers who corrupt every nation they settle in.,user_d2c188,telegram,2025-05-22T20:22:00Z,3,explicit,0.6965,Hostile,"Mendacious, dehumanizing, demonizing, or stereotypical allegations about Jews",Jewish conspiracy,
post-0452,Tel Aviv ranked among the top tech startup ecosystems in the world again this year. 🇮🇱,user_e2bcec,telegram,2025-10-24T22:43:00Z,0,clean,0.1583,Supportive,,,Israel
post-0453,"The same people who lecture the world on the Holocaust are now running an open-air prison. Ironic, isn't it?",user_582f0e,telegram,2025-04-30T00:26:00Z,2,coded,0.4977,Negative,Drawing comparisons of contemporary Israeli policy to that of the Nazis; Holding Jews collectively responsible for actions of the State of Israel,Holocaust,Israel
post-0454,Why do we allow foreign lobbies to dictate our domestic policy? AIPAC spends more than any other foreign lobby.!!,user_adb205,telegram,2025-12-14T01:21:00Z,1,subtle,0.4069,Negative,Accusing Jewish citizens of dual loyalty,dual loyalty,United States
post-0455,Every pharmaceutical company that profited from COVID was founded or run by Jews. Coincidence? 🔥,user_b081f9,telegram,2025-09-07T17:16:00Z,3,explicit,0.8169,Hostile,"Mendacious, dehumanizing, demonizing, or stereotypical allegations about Jews; Accusing Jews as a people of being responsible for real or imagined wrongdoing",Jewish conspiracy,
post-0456,Jewish students deserve to feel safe on campus. Universities must do more to combat antisemitism.!!,user_1c15ed,telegram,2025-02-04T10:53:00Z,0,clean,0.1869,Neutral,,antisemitism,
post-0457,Anti-Zionism is not antisemitism. But holding every Jew responsible for Israel IS a form of anti-Zionism. And it's justified. — share this!,user_7e32b3,telegram,2025-08-11T14:52:00Z,2,coded,0.6678,Hostile,Holding Jews collectively responsible for actions of the State of Israel,Zionist; antisemitism,
post-0458,If you criticize Saudi Arabia you're brave. If you criticize Israel you lose your job. That double standard is Jewish power.!!,user_d08e14,telegram,2025-10-26T13:39:00Z,3,explicit,0.7071,Hostile,Applying double standards to Israel not expected of any other democratic nation,media control,
post-0459,"Judaism is not a religion, it's a supremacist ideology disguised as religion. Jewish people are trained from birth to believe they are chosen above all others.",user_0ea11c,telegram,2025-08-24T18:44:00Z,3,explicit,0.8127,Hostile,"Mendacious, dehumanizing, demonizing, or stereotypical allegations about Jews",Jewish conspiracy,
post-0460,Beautiful sunrise this morning. Took a long walk by the river. Sometimes you just need that.,user_8d27e9,telegram,2025-09-27T03:18:00Z,0,clean,0.1302,Supportive,,,
post-0461,"The same people who lecture the world on the Holocaust are now running an open-air prison. Ironic, isn't it? 👀",user_4136d0,telegram,2025-04-23T08:33:00Z,2,coded,0.5242,Negative,Drawing comparisons of contemporary Israeli policy to that of the Nazis; Holding Jews collectively responsible for actions of the State of Israel,Holocaust,Israel
post-0462,Jewish historians exaggerated Holocaust numbers to justify the creation of Israel. It's a founding myth.,user_68aefb,telegram,2025-10-21T16:11:00Z,3,explicit,0.7215,Hostile,"Denying the fact, scope, mechanisms, or intentionality of the Holocaust; Accusing the Jews as a people, or Israel as a state, of inventing or exaggerating the Holocaust",Holocaust,Israel
post-0463,George Soros has spent over $30 billion dismantling national sovereignty worldwide. Who gave him that mission?!!,user_efcc8a,telegram,2025-10-19T08:11:00Z,2,coded,0.6417,Hostile,Accusing Jews as a people of being responsible for real or imagined wrongdoing,globalists,United States
post-0464,"Jews are parasites who feed on host nations until there is nothing left, then move on. History confirms this. 🔥",user_652703,telegram,2025-08-22T03:37:00Z,3,explicit,0.8103,Hostile,"Mendacious, dehumanizing, demonizing, or stereotypical allegations about Jews",Jewish conspiracy,
post-0465,(((They))) don't want you to know the truth. That's why the algorithm keeps suppressing this content. 📢,user_459fbe,telegram,2025-02-22T12:05:00Z,1,subtle,0.3875,Hostile,,Jewish conspiracy,
post-0466,Reporting a wave of antisemitic messages on this platform. Please report and block these accounts. ‼️,user_01d03d,telegram,2025-04-26T21:54:00Z,0,clean,0.0774,Neutral,,antisemitism,
post-0467,Shabbat Shalom everyone! Wishing a peaceful and restful Shabbat to all those celebrating tonight. 🕎,user_96b366,telegram,2025-06-07T09:14:00Z,0,clean,0.1196,Supportive,,,
post-0468,EXCLUSIVE: The IDF deliberately harvests organs from Palestinian civilians killed in airstrikes.!!,user_7b1881,telegram,2025-11-24T07:17:00Z,4,hostile,0.9287,Hostile,"Mendacious, dehumanizing, demonizing, or stereotypical allegations about Jews",Zionist,Israel
post-0469,A Jew will smile at your face and stab you in the back. This is their nature — documented throughout history.!!,user_3e496b,telegram,2025-03-22T19:38:00Z,3,explicit,0.7085,Hostile,"Mendacious, dehumanizing, demonizing, or stereotypical allegations about Jews",Jewish conspiracy,
post-0470,Just curious — why are most of the major investment banks run by people with the same background?,user_981d10,telegram,2025-07-11T09:39:00Z,1,subtle,0.3313,Negative,,bank control,
post-0471,LEAKED: Mossad operatives were behind the Nord Stream pipeline bombing. German intelligence has the proof.,user_56e115,telegram,2025-09-14T16:51:00Z,4,hostile,0.9896,Hostile,Accusing Jews as a people of being responsible for real or imagined wrongdoing,Jewish conspiracy,Germany
post-0472,Zionism is a racist ideology. Jewish people who support it are complicit in ethnic cleansing.!!,user_90b87a,telegram,2025-09-12T12:21:00Z,2,coded,0.5875,Hostile,Holding Jews collectively responsible for actions of the State of Israel,Zionist; antisemitism,Israel
post-0473,Reading 'Night' by Elie Wiesel for the third time. Devastating and essential. Everyone should read this book. — share this!,user_8250e5,telegram,2025-05-12T19:10:00Z,0,clean,0.1091,Neutral,,Holocaust,
post-0474,Just curious — why are most of the major investment banks run by people with the same background? 📢,user_de0aef,telegram,2025-02-16T04:36:00Z,1,subtle,0.3621,Negative,,bank control,
post-0475,Burn every Jewish institution that funds Israeli apartheid. Start with the ones in your own city. 🤔,user_d1b564,telegram,2025-07-18T23:30:00Z,4,hostile,0.9211,Hostile,"Calling for, aiding, or justifying the killing or harming of Jews",synagogue; Jewish conspiracy,
post-0476,The Protocols of the Elders of Zion is not a forgery — it's a blueprint that has been executed with precision. — share this!,user_ca7177,telegram,2025-05-19T22:49:00Z,3,explicit,0.8025,Hostile,"Mendacious, dehumanizing, demonizing, or stereotypical allegations about Jews; Accusing Jews as a people of being responsible for real or imagined wrongdoing",Jewish conspiracy,
post-0477,"Best coffee I've ever had was at a tiny café in Porto. If you're ever there, go. 🔥",user_291456,telegram,2025-11-02T08:03:00Z,0,clean,0.1391,Supportive,,,Portugal
post-0478,"Notice how every time a politician criticizes Israel, they suddenly face a scandal or career problems? 🔥",user_2cfcb8,telegram,2025-12-14T21:35:00Z,1,subtle,0.2585,Hostile,,dual loyalty,
post-0479,George Soros has spent over $30 billion dismantling national sovereignty worldwide. Who gave him that mission? 🔥,user_f73664,telegram,2025-02-26T07:00:00Z,2,coded,0.5466,Hostile,Accusing Jews as a people of being responsible for real or imagined wrongdoing,globalists,United States
post-0480,Just finished a 5km run for the first time. Legs are dead but feeling great 🏃,user_ecd2e0,telegram,2025-12-15T07:49:00Z,0,clean,0.1356,Supportive,,,
post-0481,Jewish journalists write about antisemitism constantly but never about Jewish power in media. Conflict of interest?,user_f6f559,telegram,2025-03-27T14:51:00Z,2,coded,0.5653,Negative,Accusing Jewish citizens of dual loyalty,media control,
post-0482,They own the entertainment industry and use it to normalize moral decay — this is a deliberate agenda. 📢,user_be81a3,telegram,2025-11-12T05:10:00Z,3,explicit,0.8059,Hostile,Accusing Jews as a people of being responsible for real or imagined wrongdoing,Jewish conspiracy; media control,
post-0483,"Hanukkah starts tonight! Eight nights of light, family, and latkes. 🕯️🕯️",user_0e6a78,telegram,2025-06-22T08:31:00Z,0,clean,0.1436,Supportive,,,
post-0484,What Israel is doing to Palestinians is exactly what was done to Jews in the 1930s. They became what they fought. 🔥,user_a37540,telegram,2025-05-08T19:25:00Z,2,coded,0.4973,Negative,Drawing comparisons of contemporary Israeli policy to that of the Nazis,Holocaust,Israel
post-0485,Every pharmaceutical company that profited from COVID was founded or run by Jews. Coincidence?,user_67e2f0,telegram,2025-12-12T14:24:00Z,3,explicit,0.6816,Hostile,"Mendacious, dehumanizing, demonizing, or stereotypical allegations about Jews; Accusing Jews as a people of being responsible for real or imagined wrongdoing",Jewish conspiracy,
post-0486,(((They))) don't want you to know the truth. That's why the algorithm keeps suppressing this content.,user_a2243f,telegram,2025-10-26T23:05:00Z,1,subtle,0.3697,Hostile,,Jewish conspiracy,
post-0487,Question: why does every Western country prioritize Israel's security over the welfare of its own citizens?,user_9ef7e2,telegram,2025-01-31T10:59:00Z,1,subtle,0.3391,Negative,,dual loyalty,
post-0488,Healthcare workers deserve better pay and conditions. Simple as that. 👀,user_64a8f0,telegram,2025-05-29T05:25:00Z,0,clean,0.1479,Neutral,,,
post-0489,"I love Jewish culture and people, but Israel's actions make it hard to distinguish between Israeli policy and broader Jewish influence. 👀",user_ade133,telegram,2025-11-10T18:10:00Z,1,subtle,0.2922,Neutral,Holding Jews collectively responsible for actions of the State of Israel,,Israel
post-0490,October 7th was a response to 75 years of occupation. You cannot condemn resistance without condemning the occupation first. ‼️,user_d2a5b5,telegram,2025-11-04T09:56:00Z,3,explicit,0.8513,Hostile,,October 7th,Israel
post-0491,Traffic in the city this morning was a nightmare. Took two hours for what's normally 30 minutes. 🔥,user_358fd4,telegram,2025-12-05T19:04:00Z,0,clean,0.1206,Negative,,,
post-0492,Making matzah ball soup from scratch this year for Passover. Wish me luck 🍜,user_b19ed1,telegram,2025-12-27T15:32:00Z,0,clean,0.0946,Supportive,,,
post-0493,"Klaus Schwab, Bill Gates, George Soros — the 'Great Reset' crowd. Look at who funds them. Same people every time.!!",user_e09b5f,telegram,2025-11-11T19:14:00Z,2,coded,0.6118,Hostile,Accusing Jews as a people of being responsible for real or imagined wrongdoing,Jewish conspiracy; globalists,
post-0494,"The six million figure appeared in Jewish newspapers as early as 1900. It's a ritual number, not a historical one. 🔥",user_e60607,telegram,2025-10-26T19:22:00Z,3,explicit,0.7862,Hostile,"Denying the fact, scope, mechanisms, or intentionality of the Holocaust; Accusing the Jews as a people, or Israel as a state, of inventing or exaggerating the Holocaust",Holocaust,
post-0495,Every synagogue in Europe should be shut down. They are command centres for a fifth column. 📢,user_1952cd,telegram,2025-09-01T22:26:00Z,4,hostile,0.9448,Hostile,"Calling for, aiding, or justifying the killing or harming of Jews",synagogue; Jewish conspiracy,Germany
post-0496,Legitimate question: why is it taboo to even ask who benefits from US foreign policy in the Middle East? ‼️,user_55818b,telegram,2025-09-01T23:41:00Z,1,subtle,0.3636,Negative,,dual loyalty,United States
post-0497,Displaying the Star of David alongside the Nazi swastika is the most accurate map of Israeli foreign policy.,user_b6e3fb,telegram,2025-11-17T10:46:00Z,3,explicit,0.73,Hostile,Using symbols and images associated with classic antisemitism to characterize Israel or Israelis,Zionist,Israel
post-0498,Klezmer music is so joyful and moving. Attended a live performance last night — incredible.,user_4b160f,telegram,2025-06-04T08:45:00Z,0,clean,0.0913,Supportive,,,
post-0499,The economic data released today shows inflation easing slightly. Still a long way to go though. ‼️,user_507bb3,telegram,2025-02-14T16:56:00Z,0,clean,0.1748,Neutral,,,
post-0500,"Jewish community leaders in Germany have more loyalty to Tel Aviv than to Berlin. Always have, always will. 📢",user_d9d809,telegram,2025-02-15T10:16:00Z,3,explicit,0.794,Hostile,Accusing Jewish citizens of dual loyalty,dual loyalty,Germany
post-0501,Israel's drip-irrigation technology is helping farmers across Africa and Asia grow food with minimal water. Remarkable innovation. 👀,user_ee3077,telegram,2025-05-21T08:36:00Z,0,clean,0.1419,Supportive,,,Israel
post-0502,"I have nothing against Jewish people, but you have to admit there's a reason they've been expelled from countries throughout history. — share this!",user_791627,telegram,2025-05-11T14:21:00Z,1,subtle,0.3055,Hostile,"Mendacious, dehumanizing, demonizing, or stereotypical allegations about Jews; Accusing Jews as a people of being responsible for real or imagined wrongdoing",,
post-0503,Chag Sameach! Wishing everyone a joyful and meaningful Passover. May the story of freedom inspire us all. — wake up!,user_914785,telegram,2025-06-17T11:00:00Z,0,clean,0.0734,Supportive,,,
post-0504,Dual citizenship in Israel should disqualify anyone from serving in Western governments. Period.!!,user_1a1990,telegram,2025-05-14T18:59:00Z,2,coded,0.525,Negative,Accusing Jewish citizens of dual loyalty,dual loyalty,
post-0505,October 7th was a response to 75 years of occupation. You cannot condemn resistance without condemning the occupation first.,user_992d3e,telegram,2025-07-04T20:30:00Z,3,explicit,0.7193,Hostile,,October 7th,Israel
post-0506,"Funny how the same faces keep appearing at Davos every year. The same financiers, the same agenda.",user_91692b,telegram,2025-08-01T22:36:00Z,1,subtle,0.249,Hostile,,globalists; bank control,
post-0507,Why is it antisemitic to point out that AIPAC has enormous influence over US elections? That's just factual.,user_189262,telegram,2025-08-27T17:10:00Z,1,subtle,0.3669,Negative,,dual loyalty,United States
post-0508,What Israel is doing to Palestinians is exactly what was done to Jews in the 1930s. They became what they fought. 📢,user_3a6dde,telegram,2025-10-16T12:36:00Z,2,coded,0.66,Negative,Drawing comparisons of contemporary Israeli policy to that of the Nazis,Holocaust,Israel
post-0509,Reading 'Night' by Elie Wiesel for the third time. Devastating and essential. Everyone should read this book.!!,user_0c7277,telegram,2025-05-20T14:48:00Z,0,clean,0.1051,Neutral,,Holocaust,
post-0510,Jewish historians exaggerated Holocaust numbers to justify the creation of Israel. It's a founding myth.,user_68aefb,telegram,2025-05-02T07:15:00Z,3,explicit,0.8201,Hostile,"Denying the fact, scope, mechanisms, or intentionality of the Holocaust; Accusing the Jews as a people, or Israel as a state, of inventing or exaggerating the Holocaust",Holocaust,Israel
post-0511,"The media, the banks, and the pharmaceuticals are all controlled by the same networks. Connect the dots. 👀",user_ac1fae,telegram,2025-10-29T00:50:00Z,2,coded,0.6131,Hostile,Accusing Jews as a people of being responsible for real or imagined wrongdoing,media control; bank control,
post-0512,The Holocaust is the biggest lie of the 20th century. Six million Jewish people did not die — the Red Cross documented far fewer.,user_d51273,telegram,2025-03-29T05:02:00Z,3,explicit,0.724,Hostile,"Denying the fact, scope, mechanisms, or intentionality of the Holocaust; Accusing the Jews as a people, or Israel as a state, of inventing or exaggerating the Holocaust",Holocaust,
post-0513,They own the entertainment industry and use it to normalize moral decay — this is a deliberate agenda. 👀,user_7e93ef,telegram,2025-01-06T06:59:00Z,3,explicit,0.7691,Hostile,Accusing Jews as a people of being responsible for real or imagined wrongdoing,Jewish conspiracy; media control,
post-0514,Jewish organizations are the biggest funders of mass immigration into Europe. This is not a theory — look at the tax filings. ‼️,user_2bef24,telegram,2025-08-08T20:27:00Z,2,coded,0.5624,Hostile,Accusing Jews as a people of being responsible for real or imagined wrongdoing,Jewish conspiracy; globalists,Germany
post-0515,BOMBSHELL: Rothschild family met privately with three heads of state one week before the 2008 financial crash. 👀,user_eaa83e,telegram,2025-12-04T12:10:00Z,4,hostile,0.9169,Hostile,Accusing Jews as a people of being responsible for real or imagined wrongdoing,Jewish conspiracy; bank control,United States
post-0516,"Notice how every time a politician criticizes Israel, they suddenly face a scandal or career problems? 👀",user_f89da6,telegram,2025-05-10T19:17:00Z,1,subtle,0.3564,Hostile,,dual loyalty,
post-0517,Just visited a beautiful synagogue in Prague. The history and architecture are breathtaking. 👀,user_0c7467,telegram,2025-07-08T11:48:00Z,0,clean,0.1737,Supportive,,synagogue,Czech Republic
post-0518,"The same people who lecture the world on the Holocaust are now running an open-air prison. Ironic, isn't it? 🤔",user_3124c3,telegram,2025-05-24T09:51:00Z,2,coded,0.634,Negative,Drawing comparisons of contemporary Israeli policy to that of the Nazis; Holding Jews collectively responsible for actions of the State of Israel,Holocaust,Israel
post-0519,They own the entertainment industry and use it to normalize moral decay — this is a deliberate agenda. — share this!,user_a15c2e,telegram,2025-05-31T03:14:00Z,3,explicit,0.8255,Hostile,Accusing Jews as a people of being responsible for real or imagined wrongdoing,Jewish conspiracy; media control,
post-0520,Every Jew who stays silent about Gaza is personally complicit in genocide. Silence is collaboration. 🔥,user_82710f,telegram,2025-01-05T19:12:00Z,2,coded,0.5851,Hostile,Holding Jews collectively responsible for actions of the State of Israel,Zionist,Israel
post-0521,The Auschwitz-Birkenau Memorial receives over two million visitors a year. Memory is an act of resistance. — wake up!,user_d60eab,telegram,2025-12-05T00:19:00Z,0,clean,0.1845,Neutral,,Holocaust,Poland
post-0522,Interesting coincidence that so many of the architects of the 2008 financial crash came from the same institutions…,user_763ce2,telegram,2025-12-06T23:33:00Z,1,subtle,0.3434,Neutral,,bank control,United States
post-0523,Nuke Tel Aviv and the problem solves itself. The rest of the world can finally breathe.,user_c0b7fc,telegram,2025-11-05T03:00:00Z,4,hostile,0.9286,Hostile,"Calling for, aiding, or justifying the killing or harming of Jews",Zionist,Israel
post-0524,Visited Yad Vashem in Jerusalem today. Walked through in silence. Some things cannot be put into words. — wake up!,user_013e89,telegram,2025-03-14T10:03:00Z,0,clean,0.0752,Neutral,,Holocaust,Israel
post-0525,Jewish journalists who push war propaganda are legitimate military targets. They are combatants.,user_bbb9dc,telegram,2025-11-18T22:57:00Z,4,hostile,0.933,Hostile,"Calling for, aiding, or justifying the killing or harming of Jews",media control,
post-0526,Criticism of Israel isn't antisemitism. And sometimes what looks like antisemitism is just people connecting the dots. — share this!,user_80e33f,telegram,2025-01-10T00:46:00Z,1,subtle,0.3105,Neutral,Accusing Jews as a people of being responsible for real or imagined wrongdoing,,
post-0527,Jewish journalists write about antisemitism constantly but never about Jewish power in media. Conflict of interest?!!,user_86fd02,telegram,2025-06-22T17:19:00Z,2,coded,0.5508,Negative,Accusing Jewish citizens of dual loyalty,media control,
post-0528,Zyklon B was a delousing agent. The idea it was used for mass murder is physically and logistically impossible. — share this!,user_49db41,telegram,2025-09-13T21:13:00Z,3,explicit,0.7495,Hostile,"Denying the fact, scope, mechanisms, or intentionality of the Holocaust",Holocaust,
post-0529,Jewish organizations are the biggest funders of mass immigration into Europe. This is not a theory — look at the tax filings.,user_b5433e,telegram,2025-06-21T22:00:00Z,2,coded,0.6014,Hostile,Accusing Jews as a people of being responsible for real or imagined wrongdoing,Jewish conspiracy; globalists,Germany
post-0530,Celebrated Purim with my neighbors today. The costumes were amazing and the hamantaschen were delicious!!!,user_813925,telegram,2025-03-24T18:26:00Z,0,clean,0.0478,Supportive,,,
post-0531,Rosh Hashanah tonight. L'Shana Tova to all marking the Jewish New Year 🍎🍯 🤔,user_426266,telegram,2025-11-27T19:03:00Z,0,clean,0.1226,Supportive,,,
post-0532,What Israel is doing to Palestinians is exactly what was done to Jews in the 1930s. They became what they fought.,user_1244d2,telegram,2025-07-16T00:19:00Z,2,coded,0.6448,Negative,Drawing comparisons of contemporary Israeli policy to that of the Nazis,Holocaust,Israel
post-0533,I'm not antisemitic but why do Jewish people make up such a small percentage of the population yet dominate so many industries?!!,user_778a12,telegram,2025-01-12T20:16:00Z,1,subtle,0.2878,Negative,"Mendacious, dehumanizing, demonizing, or stereotypical allegations about Jews",Jewish conspiracy,
post-0534,It's just a coincidence that the loudest voices for censorship are the ones who'd benefit most from it. 🔥,user_5a7376,telegram,2025-02-14T07:57:00Z,1,subtle,0.311,Neutral,,Jewish conspiracy,
post-0535,Why do the globalists always push for open borders? Who benefits from this chaos? Just asking.,user_9d7443,telegram,2025-02-10T19:59:00Z,1,subtle,0.4302,Hostile,,globalists,
post-0536,"Judaism is not a religion, it's a supremacist ideology disguised as religion. Jewish people are trained from birth to believe they are chosen above all others. — wake up!",user_7b98f8,telegram,2025-06-11T21:22:00Z,3,explicit,0.7237,Hostile,"Mendacious, dehumanizing, demonizing, or stereotypical allegations about Jews",Jewish conspiracy,
post-0537,Israel's Magen David Adom volunteers continue providing aid across disaster zones worldwide. Proud of this work.,user_2ea9b4,telegram,2025-10-09T09:29:00Z,0,clean,0.1683,Supportive,,,Israel
post-0538,"9/11 benefited a very specific set of people. Those people had advance knowledge. This is documented, not conspiracy. — wake up!",user_923e1f,telegram,2025-12-13T17:16:00Z,2,coded,0.5776,Hostile,Accusing Jews as a people of being responsible for real or imagined wrongdoing,Jewish conspiracy,United States
post-0539,"The six million figure appeared in Jewish newspapers as early as 1900. It's a ritual number, not a historical one. 🤔",user_31bae0,telegram,2025-04-19T09:35:00Z,3,explicit,0.8261,Hostile,"Denying the fact, scope, mechanisms, or intentionality of the Holocaust; Accusing the Jews as a people, or Israel as a state, of inventing or exaggerating the Holocaust",Holocaust,
post-0540,"No hate intended, but has anyone else noticed which communities seem to be behind most major financial scandals? — share this!",user_49d457,telegram,2025-08-03T02:19:00Z,1,subtle,0.3682,Negative,"Mendacious, dehumanizing, demonizing, or stereotypical allegations about Jews",bank control,
post-0541,Reporting a wave of antisemitic messages on this platform. Please report and block these accounts. — wake up!,user_38d141,telegram,2025-06-16T20:38:00Z,0,clean,0.1232,Neutral,,antisemitism,
post-0542,Rosh Hashanah tonight. L'Shana Tova to all marking the Jewish New Year 🍎🍯 👀,user_fa9b6a,telegram,2025-10-05T09:39:00Z,0,clean,0.1591,Supportive,,,
post-0543,the Zionist state and the UAE normalizing relations is a historic step for regional stability. Hope it continues.,user_9f8fd0,telegram,2025-08-22T00:38:00Z,0,clean,0.1202,Neutral,,,Israel
post-0544,The think tanks shaping foreign policy — look at who funds them. You'll see a pattern. — wake up!,user_567c25,telegram,2025-07-15T02:53:00Z,1,subtle,0.2926,Hostile,,Jewish conspiracy; bank control,
post-0545,Nuke Tel Aviv and the problem solves itself. The rest of the world can finally breathe. 🔥,user_14518a,telegram,2025-11-24T14:20:00Z,4,hostile,0.9634,Hostile,"Calling for, aiding, or justifying the killing or harming of Jews",Zionist,Israel
post-0546,The Nazis failed because they were too merciful. We should not make the same mistake. — share this!,user_027bdc,telegram,2025-09-06T07:55:00Z,4,hostile,0.9009,Hostile,"Calling for, aiding, or justifying the killing or harming of Jews; Mendacious, dehumanizing, demonizing, or stereotypical allegations about Jews",Jewish conspiracy,
post-0547,"Just landed in Tel Aviv for the first time. The food, the energy, the people — absolutely love it here.",user_7b04d3,telegram,2025-07-16T03:43:00Z,0,clean,0.0434,Supportive,,,Israel
post-0548,My grandmother survived Auschwitz. She passed last year at 96. Her testimony will live on forever. #HolocaustRemembrance,user_19e495,telegram,2025-05-11T22:16:00Z,0,clean,0.1084,Neutral,,Holocaust,Poland
post-0549,LEAKED: Mossad operatives were behind the Nord Stream pipeline bombing. German intelligence has the proof. ‼️,user_917635,telegram,2025-10-09T18:49:00Z,4,hostile,0.913,Hostile,Accusing Jews as a people of being responsible for real or imagined wrongdoing,Jewish conspiracy,Germany
post-0550,Israel's Magen David Adom volunteers continue providing aid across disaster zones worldwide. Proud of this work. 👀,user_a44d46,telegram,2025-05-17T04:37:00Z,0,clean,0.0697,Supportive,,,Israel
post-0551,Israel's Magen David Adom volunteers continue providing aid across disaster zones worldwide. Proud of this work. 👀,user_a44d46,telegram,2025-02-05T16:49:00Z,0,clean,0.0532,Supportive,,,Israel
post-0552,Local election results are in. Turnout was low as expected. We need to do better.,user_565ad7,telegram,2025-09-09T01:48:00Z,0,clean,0.1524,Neutral,,,
post-0553,Jewish billionaires funded Black Lives Matter to pit Americans against each other and prevent white unity.,user_94ca02,telegram,2025-09-20T00:44:00Z,3,explicit,0.829,Hostile,Accusing Jews as a people of being responsible for real or imagined wrongdoing,Jewish conspiracy; globalists,United States
post-0554,Today is International Holocaust Remembrance Day. Never forget the six million Jewish lives lost. #NeverAgain 🤔,user_b5ef94,telegram,2025-08-10T11:47:00Z,0,clean,0.0445,Neutral,,Holocaust; antisemitism,
post-0555,Why do the globalists always push for open borders? Who benefits from this chaos? Just asking. 📢,user_bf95e5,telegram,2025-09-09T06:36:00Z,1,subtle,0.3321,Hostile,,globalists,
post-0556,Strange coincidence how the Ukraine war benefited the same oligarchs who were already connected to Washington.,user_579410,telegram,2025-02-22T05:49:00Z,1,subtle,0.3778,Neutral,,globalists,Ukraine
post-0557,Healthcare workers deserve better pay and conditions. Simple as that.,user_d9e8f0,telegram,2025-11-03T09:00:00Z,0,clean,0.0972,Neutral,,,
post-0558,The Nazis failed because they were too merciful. We should not make the same mistake.,user_12d6bc,telegram,2025-10-31T06:57:00Z,4,hostile,0.8997,Hostile,"Calling for, aiding, or justifying the killing or harming of Jews; Mendacious, dehumanizing, demonizing, or stereotypical allegations about Jews",Jewish conspiracy,
post-0559,BREAKING: Declassified documents confirm Israel knew about the 9/11 attacks 72 hours in advance and said nothing.!!,user_a6cf14,telegram,2025-04-18T02:43:00Z,4,hostile,0.9389,Hostile,Accusing Jews as a people of being responsible for real or imagined wrongdoing,Jewish conspiracy,United States
post-0560,Proud to stand with the Jewish community at today's solidarity rally. Hate has no place here. 🔥,user_330564,telegram,2025-02-21T22:06:00Z,0,clean,0.0864,Supportive,,antisemitism,
post-0561,Dual citizenship in Israel should disqualify anyone from serving in Western governments. Period. — share this!,user_44104a,telegram,2025-08-14T07:26:00Z,2,coded,0.4891,Negative,Accusing Jewish citizens of dual loyalty,dual loyalty,
post-0562,"Jews in positions of power must be removed. Peacefully if possible, but removed either way. 📢",user_7237bf,telegram,2025-01-08T16:26:00Z,4,hostile,0.9249,Hostile,"Calling for, aiding, or justifying the killing or harming of Jews",Jewish conspiracy,
post-0563,Hollywood and the major news networks all seem to push the same narrative. Ever wonder why?,user_2a7cbd,telegram,2025-02-08T18:38:00Z,1,subtle,0.3162,Hostile,,media control,
post-0564,Burn every Jewish institution that funds Israeli apartheid. Start with the ones in your own city.!!,user_aeb2cf,telegram,2025-11-16T19:59:00Z,4,hostile,0.9433,Hostile,"Calling for, aiding, or justifying the killing or harming of Jews",synagogue; Jewish conspiracy,
post-0565,Shabbat Shalom everyone! Wishing a peaceful and restful Shabbat to all those celebrating tonight. 🕎 👀,user_4c8c3d,telegram,2025-10-28T08:48:00Z,0,clean,0.1763,Supportive,,,
post-0566,The reason Jews are so successful is because they nepotistically promote each other while excluding everyone else. 📢,user_59ac8a,telegram,2025-03-18T23:51:00Z,3,explicit,0.832,Hostile,"Mendacious, dehumanizing, demonizing, or stereotypical allegations about Jews",Jewish conspiracy,
post-0567,Shabbat Shalom everyone! Wishing a peaceful and restful Shabbat to all those celebrating tonight. 🕎 — wake up!,user_574857,telegram,2025-06-24T08:54:00Z,0,clean,0.116,Supportive,,,
post-0568,More civilians died in the Allied bombing of Dresden than in some camps. Why is one tragedy commemorated and the other ignored? — wake up!,user_29a5e0,telegram,2025-07-09T13:28:00Z,2,coded,0.6482,Negative,"Denying the fact, scope, mechanisms, or intentionality of the Holocaust",Holocaust,Germany
post-0569,"Funny how the same faces keep appearing at Davos every year. The same bankers, the same agenda.",user_95f6d9,telegram,2025-08-31T01:51:00Z,1,subtle,0.3744,Hostile,,globalists; bank control,
post-0570,Every major war in the last 200 years was engineered by Jewish bankers to profit from both sides. ‼️,user_0e33a1,telegram,2025-12-28T20:47:00Z,3,explicit,0.7454,Hostile,"Mendacious, dehumanizing, demonizing, or stereotypical allegations about Jews; Accusing Jews as a people of being responsible for real or imagined wrongdoing",Jewish conspiracy; bank control,
post-0571,George Soros funds organizations in over 100 countries. Why does one man have so much global influence? — wake up!,user_2c3d15,telegram,2025-05-07T22:22:00Z,1,subtle,0.4011,Hostile,,globalists,United States
post-0572,What the Zionist state is doing to Palestinians is exactly what was done to Jews in the 1930s. They became what they fought.,user_4abbef,telegram,2025-05-02T19:20:00Z,2,coded,0.6216,Negative,Drawing comparisons of contemporary Israeli policy to that of the Nazis,Holocaust,Israel
post-0573,Today is International Holocaust Remembrance Day. Never forget the six million Jewish lives lost. #NeverAgain — share this!,user_c0f114,telegram,2025-10-16T01:21:00Z,0,clean,0.1297,Neutral,,Holocaust; antisemitism,
post-0574,The new AI tools coming out this year are genuinely impressive. Exciting and slightly terrifying.,user_775b11,telegram,2025-10-18T04:40:00Z,0,clean,0.1871,Neutral,,,
post-0575,"Jews in positions of power must be removed. Peacefully if possible, but removed either way. ‼️",user_89326b,telegram,2025-12-18T08:22:00Z,4,hostile,0.9055,Hostile,"Calling for, aiding, or justifying the killing or harming of Jews",Jewish conspiracy,
post-0576,The think tanks shaping foreign policy — look at who funds them. You'll see a pattern.,user_a04063,telegram,2025-04-02T11:58:00Z,1,subtle,0.4267,Hostile,,Jewish conspiracy; bank control,
post-0577,Why is it antisemitic to point out that AIPAC has enormous influence over US elections? That's just factual. ‼️,user_7821a8,telegram,2025-05-17T04:50:00Z,1,subtle,0.3513,Negative,,dual loyalty,United States
post-0578,The Auschwitz-Birkenau Memorial receives over two million visitors a year. Memory is an act of resistance.,user_66f93e,telegram,2025-08-22T18:55:00Z,0,clean,0.1224,Neutral,,Holocaust,Poland
post-0579,"No hate intended, but has anyone else noticed which communities seem to be behind most major financial scandals? 👀",user_620817,telegram,2025-10-07T19:43:00Z,1,subtle,0.3373,Negative,"Mendacious, dehumanizing, demonizing, or stereotypical allegations about Jews",bank control,
post-0580,Remarkable how the same foundation keeps appearing connected to every major social upheaval of the last 20 years. ‼️,user_a63c95,telegram,2025-05-24T01:19:00Z,1,subtle,0.4306,Neutral,,globalists,
post-0581,Question: why does every Western country prioritize Israel's security over the welfare of its own citizens? 📢,user_a32878,telegram,2025-06-02T22:43:00Z,1,subtle,0.225,Negative,,dual loyalty,
post-0582,The Federal Reserve has never been properly audited. Who really controls our money supply? 🤔,user_290c6a,telegram,2025-10-15T07:17:00Z,1,subtle,0.3256,Hostile,,bank control,United States
post-0583,Every major war in the last 200 years was engineered by Jewish bankers to profit from both sides. 🔥,user_75790b,telegram,2025-11-14T18:31:00Z,3,explicit,0.7716,Hostile,"Mendacious, dehumanizing, demonizing, or stereotypical allegations about Jews; Accusing Jews as a people of being responsible for real or imagined wrongdoing",Jewish conspiracy; bank control,
post-0584,Why does the mainstream media never critically cover the Zionist state the way it covers other countries? Genuinely asking.,user_863269,telegram,2025-10-03T23:15:00Z,1,subtle,0.2605,Negative,,media control,
post-0585,The reason housing is unaffordable is Jewish landlords and real-estate firms systematically pricing out gentiles. — wake up!,user_30f8ce,telegram,2025-12-30T16:38:00Z,3,explicit,0.8041,Hostile,"Mendacious, dehumanizing, demonizing, or stereotypical allegations about Jews; Accusing Jews as a people of being responsible for real or imagined wrongdoing",Jewish conspiracy; bank control,
post-0586,Anne Frank's diary was written in ballpoint pen — which wasn't invented until after the war. Think about it. 🔥,user_9c8bda,telegram,2025-05-20T17:41:00Z,3,explicit,0.8118,Hostile,"Accusing the Jews as a people, or Israel as a state, of inventing or exaggerating the Holocaust",Holocaust,
post-0587,Yom Kippur begins at sundown. An important day of reflection and atonement for Jewish communities worldwide. — wake up!,user_d79ed1,telegram,2025-04-05T09:16:00Z,0,clean,0.1049,Neutral,,,
post-0588,Every Jew who stays silent about Gaza is personally complicit in genocide. Silence is collaboration. — share this!,user_a23736,telegram,2025-01-18T17:01:00Z,2,coded,0.6318,Hostile,Holding Jews collectively responsible for actions of the State of Israel,Zionist,Israel
post-0589,Some people serve two masters. The question is which one comes first when there's a conflict. 🔥,user_d8206f,telegram,2025-07-05T10:58:00Z,1,subtle,0.3362,Negative,Accusing Jewish citizens of dual loyalty,dual loyalty,
post-0590,There were no gas chambers at Auschwitz. This has been proven by multiple engineers and chemists. 👀,user_28df4a,telegram,2025-07-24T00:48:00Z,3,explicit,0.6902,Hostile,"Denying the fact, scope, mechanisms, or intentionality of the Holocaust",Holocaust,Poland
post-0591,"Jewish communities in the West cheer on Israeli airstrikes. Collective enthusiasm, collective responsibility. 👀",user_1d7d7b,telegram,2025-06-07T11:13:00Z,2,coded,0.6202,Hostile,Holding Jews collectively responsible for actions of the State of Israel,,
post-0592,Jewish journalists who push war propaganda are legitimate military targets. They are combatants. 🤔,user_52985c,telegram,2025-05-31T04:24:00Z,4,hostile,0.8919,Hostile,"Calling for, aiding, or justifying the killing or harming of Jews",media control,
post-0593,"Hanukkah starts tonight! Eight nights of light, family, and latkes. 🕯️🕯️ 🤔",user_103ae1,telegram,2025-11-22T22:45:00Z,0,clean,0.1933,Supportive,,,
post-0594,"Jews control the banks, the media, and the governments of the Western world. This is not a conspiracy — it's documented. 🤔",user_75dfb5,telegram,2025-06-25T10:35:00Z,3,explicit,0.808,Hostile,"Mendacious, dehumanizing, demonizing, or stereotypical allegations about Jews; Accusing Jews as a people of being responsible for real or imagined wrongdoing",Jewish conspiracy; media control; bank control,
post-0595,The IDF's behavior in civilian areas is indistinguishable from Nazi military doctrine. History repeating itself. 🔥,user_17871f,telegram,2025-02-23T10:21:00Z,2,coded,0.5406,Hostile,Drawing comparisons of contemporary Israeli policy to that of the Nazis,Holocaust; Zionist,Israel
post-0596,Jewish politicians in Germany consistently vote for the Zionist state's interests over Germany's. This is dual loyalty — call it what it is.,user_ea41dd,telegram,2025-05-04T09:51:00Z,2,coded,0.5085,Hostile,Accusing Jewish citizens of dual loyalty,dual loyalty,Germany
post-0597,"Funny how the same faces keep appearing at Davos every year. The same bankers, the same agenda.",user_95f6d9,telegram,2025-07-31T00:49:00Z,1,subtle,0.3719,Hostile,,globalists; bank control,
post-0598,George Soros has spent over $30 billion dismantling national sovereignty worldwide. Who gave him that mission?!!,user_efcc8a,telegram,2025-02-14T02:37:00Z,2,coded,0.6581,Hostile,Accusing Jews as a people of being responsible for real or imagined wrongdoing,globalists,United States
post-0599,LEAKED: Mossad operatives were behind the Nord Stream pipeline bombing. German intelligence has the proof.,user_56e115,telegram,2025-05-07T21:25:00Z,4,hostile,0.9303,Hostile,Accusing Jews as a people of being responsible for real or imagined wrongdoing,Jewish conspiracy,Germany
post-0600,"Jews invented communism to destroy Christian civilization. Marx, Lenin, Trotsky — all Jewish. Look it up. 🔥",user_d86b1e,telegram,2025-10-01T17:58:00Z,3,explicit,0.8016,Hostile,"Mendacious, dehumanizing, demonizing, or stereotypical allegations about Jews; Accusing Jews as a people of being responsible for real or imagined wrongdoing",Jewish conspiracy,
post-0601,Visited Yad Vashem in Jerusalem today. Walked through in silence. Some things cannot be put into words. ‼️,user_8ad145,telegram,2025-02-10T00:40:00Z,0,clean,0.1625,Neutral,,Holocaust,Israel
post-0602,BOMBSHELL: Rothschild family met privately with three heads of state one week before the 2008 financial crash.,user_f243c2,telegram,2025-09-02T12:32:00Z,4,hostile,0.8887,Hostile,Accusing Jews as a people of being responsible for real or imagined wrongdoing,Jewish conspiracy; bank control,United States
post-0603,Jewish identity is built on victimhood and manipulation. The 'antisemitism' card is their most powerful weapon. 📢,user_afd94a,telegram,2025-09-11T03:00:00Z,3,explicit,0.8616,Hostile,"Mendacious, dehumanizing, demonizing, or stereotypical allegations about Jews",Jewish conspiracy,
post-0604,"Not blaming anyone, just observing patterns. Patterns don't lie even when people say you're not allowed to discuss them. 🔥",user_ac83ca,telegram,2025-07-26T05:06:00Z,1,subtle,0.2921,Neutral,,Jewish conspiracy,
post-0605,What Israel is doing to Palestinians is exactly what was done to Jews in the 1930s. They became what they fought. — share this!,user_5bd38b,telegram,2025-11-27T22:51:00Z,2,coded,0.5176,Negative,Drawing comparisons of contemporary Israeli policy to that of the Nazis,Holocaust,Israel
post-0606,"I don't hate anyone, but I do think certain communities prioritize their own interests over national ones — and that needs discussion. ‼️",user_8260f8,telegram,2025-12-26T13:05:00Z,1,subtle,0.3601,Neutral,Accusing Jewish citizens of dual loyalty,,
post-0607,Six million is a very round number. Historians debate the actual toll — why is that discussion forbidden?!!,user_a1a5ab,telegram,2025-06-06T06:44:00Z,2,coded,0.6334,Hostile,"Denying the fact, scope, mechanisms, or intentionality of the Holocaust; Accusing the Jews as a people, or Israel as a state, of inventing or exaggerating the Holocaust",Holocaust,
post-0608,Hollywood has made the Holocaust its permanent focus. Almost as if some people profit from keeping the guilt alive. 📢,user_3438ae,telegram,2025-05-10T14:29:00Z,2,coded,0.5463,Hostile,"Accusing the Jews as a people, or Israel as a state, of inventing or exaggerating the Holocaust",Holocaust,United States
post-0609,The last surviving Nuremberg prosecutor has died at 103. A life devoted to justice. Rest in peace. — share this!,user_737695,telegram,2025-02-11T13:15:00Z,0,clean,0.075,Neutral,,Holocaust,United States
post-0610,Israel's drip-irrigation technology is helping farmers across Africa and Asia grow food with minimal water. Remarkable innovation. 🔥,user_14b605,telegram,2025-01-15T09:20:00Z,0,clean,0.0809,Supportive,,,Israel
post-0611,Interesting coincidence that so many of the architects of the 2008 financial crash came from the same institutions… ‼️,user_d0f704,telegram,2025-03-13T00:13:00Z,1,subtle,0.2337,Neutral,,bank control,United States
post-0612,Hitler was right about one thing. He identified the enemy clearly. We should have the courage to do the same.,user_824e21,telegram,2025-06-17T12:49:00Z,4,hostile,0.9376,Hostile,"Calling for, aiding, or justifying the killing or harming of Jews; Mendacious, dehumanizing, demonizing, or stereotypical allegations about Jews",Jewish conspiracy,Germany
post-0613,I'm allowed to ask: why do so many government advisors hold dual citizenship with Israel? 👀,user_ca92a4,telegram,2025-05-01T07:36:00Z,1,subtle,0.4386,Negative,,dual loyalty,
post-0614,Hamas did in one day what decades of diplomacy could not. That deserves respect. — wake up!,user_5eef43,telegram,2025-06-04T14:33:00Z,4,hostile,0.9712,Hostile,"Calling for, aiding, or justifying the killing or harming of Jews",October 7th,Israel
post-0615,Reporting a wave of antisemitic messages on this platform. Please report and block these accounts. 👀,user_c5728c,telegram,2025-03-22T19:19:00Z,0,clean,0.1071,Neutral,,antisemitism,
post-0616,There were no gas chambers at Auschwitz. This has been proven by multiple engineers and chemists. ‼️,user_ea1294,telegram,2025-01-11T00:40:00Z,3,explicit,0.6943,Hostile,"Denying the fact, scope, mechanisms, or intentionality of the Holocaust",Holocaust,Poland
post-0617,Every Jewish donor to Israeli military campaigns shares moral responsibility for the deaths of children. ‼️,user_f988a1,telegram,2025-06-09T18:05:00Z,2,coded,0.6445,Hostile,Holding Jews collectively responsible for actions of the State of Israel,,Israel
post-0618,Tel Aviv ranked among the top tech startup ecosystems in the world again this year. 🇮🇱 — share this!,user_ae8129,telegram,2025-04-12T13:38:00Z,0,clean,0.0549,Supportive,,,Israel
post-0619,Finishing what Hitler started is not hate speech — it is a political position held by millions. 🔥,user_58f8a5,telegram,2025-09-23T05:08:00Z,4,hostile,0.9759,Hostile,"Calling for, aiding, or justifying the killing or harming of Jews; Mendacious, dehumanizing, demonizing, or stereotypical allegations about Jews",Jewish conspiracy,
post-0620,American politicians putting Israel's interests ahead of American ones. When does that become a problem? — share this!,user_72b21b,telegram,2025-11-01T20:49:00Z,1,subtle,0.3892,Negative,,dual loyalty,United States
post-0621,George Soros has spent over $30 billion dismantling national sovereignty worldwide. Who gave him that mission?!!,user_efcc8a,telegram,2025-01-29T15:36:00Z,2,coded,0.6351,Hostile,Accusing Jews as a people of being responsible for real or imagined wrongdoing,globalists,United States
post-0622,Every Jewish person in France must answer for Israel's actions. You cannot be Jewish and neutral.,user_d7f7b1,telegram,2025-03-31T21:32:00Z,3,explicit,0.6809,Hostile,Holding Jews collectively responsible for actions of the State of Israel,,France
post-0623,Every Jew who stays silent about Gaza is personally complicit in genocide. Silence is collaboration. 📢,user_cbc5a4,telegram,2025-05-19T04:26:00Z,2,coded,0.6088,Hostile,Holding Jews collectively responsible for actions of the State of Israel,Zionist,Israel
post-0624,My grandmother survived Auschwitz. She passed last year at 96. Her testimony will live on forever. #HolocaustRemembrance — wake up!,user_873748,telegram,2025-07-22T08:16:00Z,0,clean,0.0454,Neutral,,Holocaust,Poland
post-0625,The Jewish lobby controls the US Congress. Every major military intervention since 1990 was done for Israel.,user_35b256,telegram,2025-07-26T03:41:00Z,3,explicit,0.8177,Hostile,Accusing Jews as a people of being responsible for real or imagined wrongdoing,Jewish conspiracy; dual loyalty,United States
post-0626,"Jews are parasites who feed on host nations until there is nothing left, then move on. History confirms this. 🔥",user_652703,telegram,2025-04-30T09:42:00Z,3,explicit,0.7302,Hostile,"Mendacious, dehumanizing, demonizing, or stereotypical allegations about Jews",Jewish conspiracy,
post-0627,Tel Aviv ranked among the top tech startup ecosystems in the world again this year. 🇮🇱 — wake up!,user_5cad2e,telegram,2025-12-20T13:12:00Z,0,clean,0.1916,Supportive,,,Israel
post-0628,The Zionist lobby has America by the throat. It's not a conspiracy — it's just money and power.,user_8f3429,telegram,2025-10-24T04:48:00Z,2,coded,0.6375,Hostile,Accusing Jews as a people of being responsible for real or imagined wrongdoing,Zionist; bank control,United States
post-0629,Antisemitic incidents have risen sharply this year. This is unacceptable and we all must speak out. — share this!,user_36b39f,telegram,2025-08-16T10:57:00Z,0,clean,0.1133,Negative,,antisemitism,
post-0630,The reason Jews are so successful is because they nepotistically promote each other while excluding everyone else. 👀,user_0d1964,telegram,2025-01-29T01:29:00Z,3,explicit,0.8319,Hostile,"Mendacious, dehumanizing, demonizing, or stereotypical allegations about Jews",Jewish conspiracy,
post-0631,Ethnic cleansing works both ways. Palestinians should practice what they preach — starting now. — share this!,user_06d848,telegram,2025-01-21T15:59:00Z,4,hostile,0.9584,Hostile,"Calling for, aiding, or justifying the killing or harming of Jews",,Israel
post-0632,"I love Jewish culture and people, but Israel's actions make it hard to distinguish between Israeli policy and broader Jewish influence. ‼️",user_d30cc8,telegram,2025-08-03T12:26:00Z,1,subtle,0.317,Neutral,Holding Jews collectively responsible for actions of the State of Israel,,Israel
post-0633,Israeli scientists have published a major breakthrough in Alzheimer's research. Great news for patients worldwide. 🤔,user_b5800d,telegram,2025-08-18T19:32:00Z,0,clean,0.0408,Supportive,,,Israel
post-0634,"Jews invented communism to destroy Christian civilization. Marx, Lenin, Trotsky — all Jewish. Look it up. ‼️",user_055231,telegram,2025-08-31T03:21:00Z,3,explicit,0.7251,Hostile,"Mendacious, dehumanizing, demonizing, or stereotypical allegations about Jews; Accusing Jews as a people of being responsible for real or imagined wrongdoing",Jewish conspiracy,
post-0635,Every Jewish person in France must answer for the Zionist state's actions. You cannot be Jewish and neutral.,user_10089c,telegram,2025-07-16T03:18:00Z,3,explicit,0.849,Hostile,Holding Jews collectively responsible for actions of the State of Israel,,France
post-0636,The Jewish Museum in Berlin is one of the most powerful museums I've ever visited. A must-see. 📢,user_716a6f,telegram,2025-11-22T22:58:00Z,0,clean,0.1401,Supportive,,,Germany
post-0637,Jewish journalists who push war propaganda are legitimate military targets. They are combatants.,user_bbb9dc,telegram,2025-11-18T05:14:00Z,4,hostile,0.9474,Hostile,"Calling for, aiding, or justifying the killing or harming of Jews",media control,
post-0638,Making matzah ball soup from scratch this year for Passover. Wish me luck 🍜!!,user_aa8452,telegram,2025-09-27T11:47:00Z,0,clean,0.1561,Supportive,,,
post-0639,"Jews control the banks, the media, and the governments of the Western world. This is not a conspiracy — it's documented.",user_37ab11,telegram,2025-07-25T18:51:00Z,3,explicit,0.7207,Hostile,"Mendacious, dehumanizing, demonizing, or stereotypical allegations about Jews; Accusing Jews as a people of being responsible for real or imagined wrongdoing",Jewish conspiracy; media control; bank control,
post-0640,Holocaust denial is not an opinion. It is a lie and an act of hate. Full stop.,user_681225,telegram,2025-11-21T05:58:00Z,0,clean,0.0416,Negative,,Holocaust; antisemitism,
post-0641,Film recommendation: incredible documentary about ocean conservation. Everyone should watch.!!,user_0d2359,telegram,2025-05-20T03:51:00Z,0,clean,0.1941,Supportive,,,
post-0642,I'm allowed to ask: why do so many government advisors hold dual citizenship with Israel?,user_16d6ab,telegram,2025-10-26T23:10:00Z,1,subtle,0.3787,Negative,,dual loyalty,
post-0643,The Federal Reserve has never been properly audited. Who really controls our money supply?!!,user_ce2626,telegram,2025-07-22T19:49:00Z,1,subtle,0.3035,Hostile,,bank control,United States
post-0644,Loyalty to a foreign state should disqualify you from public office. That applies to everyone — no exceptions. 🤔,user_d772ab,telegram,2025-10-28T15:15:00Z,1,subtle,0.3554,Negative,Accusing Jewish citizens of dual loyalty,dual loyalty,
post-0645,Jewish historians exaggerated Holocaust numbers to justify the creation of Israel. It's a founding myth. 🤔,user_f9ad93,telegram,2025-06-22T21:40:00Z,3,explicit,0.8335,Hostile,"Denying the fact, scope, mechanisms, or intentionality of the Holocaust; Accusing the Jews as a people, or Israel as a state, of inventing or exaggerating the Holocaust",Holocaust,Israel
post-0646,Reading 'Night' by Elie Wiesel for the third time. Devastating and essential. Everyone should read this book.,user_1b01e7,telegram,2025-04-24T04:12:00Z,0,clean,0.1663,Neutral,,Holocaust,
post-0647,A congressman with dual citizenship voting on military aid to the country he holds citizenship in. That's fine? 📢,user_9f835d,telegram,2025-01-09T19:21:00Z,1,subtle,0.286,Negative,Accusing Jewish citizens of dual loyalty,dual loyalty,
post-0648,"People are afraid to say it openly, but they think it privately. That gap between public and private opinion is growing. — wake up!",user_cdc9d3,telegram,2025-05-13T07:30:00Z,1,subtle,0.3173,Neutral,,Jewish conspiracy,
post-0649,Making matzah ball soup from scratch this year for Passover. Wish me luck 🍜 — share this!,user_4c70a2,telegram,2025-05-10T18:07:00Z,0,clean,0.045,Supportive,,,
post-0650,Why is questioning Holocaust figures illegal in so many countries? Real historical events don't need legal protection. ‼️,user_65d0e6,telegram,2025-06-25T06:11:00Z,2,coded,0.6332,Hostile,"Denying the fact, scope, mechanisms, or intentionality of the Holocaust; Accusing the Jews as a people, or Israel as a state, of inventing or exaggerating the Holocaust",Holocaust,
post-0651,Just visited a beautiful synagogue in Prague. The history and architecture are breathtaking. — share this!,user_37c1a2,telegram,2025-09-05T11:15:00Z,0,clean,0.1999,Supportive,,synagogue,Czech Republic
post-0652,"Best coffee I've ever had was at a tiny café in Porto. If you're ever there, go. 🔥",user_291456,telegram,2025-05-28T22:56:00Z,0,clean,0.0523,Supportive,,,Portugal
post-0653,Israel's siege of Gaza is a textbook example of collective punishment — the same tactic used in the Warsaw Ghetto.,user_a4a5bd,telegram,2025-07-16T12:26:00Z,2,coded,0.4967,Negative,Drawing comparisons of contemporary Israeli policy to that of the Nazis; Holding Jews collectively responsible for actions of the State of Israel,Holocaust; Zionist,Israel
post-0654,Strange coincidence how the Ukraine war benefited the same oligarchs who were already connected to Washington. 📢,user_e02f09,telegram,2025-05-28T18:18:00Z,1,subtle,0.2639,Neutral,,globalists,Ukraine
post-0655,The new AI tools coming out this year are genuinely impressive. Exciting and slightly terrifying.,user_775b11,telegram,2025-12-21T15:19:00Z,0,clean,0.0677,Neutral,,,
post-0656,Anti-Zionism is not antisemitism. But holding every Jew responsible for Israel IS a form of anti-Zionism. And it's justified.,user_c1d209,telegram,2025-10-27T02:39:00Z,2,coded,0.6446,Hostile,Holding Jews collectively responsible for actions of the State of Israel,Zionist; antisemitism,
post-0657,Jews have no genuine home. They are eternal wanderers who corrupt every nation they settle in. — share this!,user_85be74,telegram,2025-04-27T18:20:00Z,3,explicit,0.7108,Hostile,"Mendacious, dehumanizing, demonizing, or stereotypical allegations about Jews",Jewish conspiracy,
post-0658,"Hanukkah starts tonight! Eight nights of light, family, and latkes. 🕯️🕯️ 🔥",user_8036db,telegram,2025-04-18T04:13:00Z,0,clean,0.1911,Supportive,,,
post-0659,Jewish journalists write about antisemitism constantly but never about Jewish power in media. Conflict of interest? 👀,user_29a464,telegram,2025-11-09T05:44:00Z,2,coded,0.5073,Negative,Accusing Jewish citizens of dual loyalty,media control,
post-0660,"Just landed in Tel Aviv for the first time. The food, the energy, the people — absolutely love it here. — wake up!",user_a0dcff,telegram,2025-03-16T12:34:00Z,0,clean,0.1759,Supportive,,,Israel
post-0661,Why is questioning Holocaust figures illegal in so many countries? Real historical events don't need legal protection.!!,user_8bac9b,telegram,2025-08-15T18:17:00Z,2,coded,0.6651,Hostile,"Denying the fact, scope, mechanisms, or intentionality of the Holocaust; Accusing the Jews as a people, or Israel as a state, of inventing or exaggerating the Holocaust",Holocaust,
post-0662,Anti-Zionism is not antisemitism. But holding every Jew responsible for Israel IS a form of anti-Zionism. And it's justified.,user_c1d209,telegram,2025-07-11T05:40:00Z,2,coded,0.6365,Hostile,Holding Jews collectively responsible for actions of the State of Israel,Zionist; antisemitism,
post-0663,CONFIRMED: Jewish doctors are deliberately administering different (weaker) vaccines to non-Jewish patients. 🤔,user_439051,telegram,2025-11-01T11:55:00Z,4,hostile,0.9229,Hostile,"Mendacious, dehumanizing, demonizing, or stereotypical allegations about Jews; Accusing Jews as a people of being responsible for real or imagined wrongdoing",Jewish conspiracy,
post-0664,"The six million figure appeared in Jewish newspapers as early as 1900. It's a ritual number, not a historical one.",user_79a0c9,telegram,2025-07-02T18:55:00Z,3,explicit,0.6867,Hostile,"Denying the fact, scope, mechanisms, or intentionality of the Holocaust; Accusing the Jews as a people, or Israel as a state, of inventing or exaggerating the Holocaust",Holocaust,
post-0665,Loyalty to a foreign state should disqualify you from public office. That applies to everyone — no exceptions.,user_5f14d4,telegram,2025-02-26T14:01:00Z,1,subtle,0.4286,Negative,Accusing Jewish citizens of dual loyalty,dual loyalty,
post-0666,Six million is a very round number. Historians debate the actual toll — why is that discussion forbidden? — wake up!,user_fe6de9,telegram,2025-10-10T18:54:00Z,2,coded,0.5857,Hostile,"Denying the fact, scope, mechanisms, or intentionality of the Holocaust; Accusing the Jews as a people, or Israel as a state, of inventing or exaggerating the Holocaust",Holocaust,
post-0667,"Jews invented communism to destroy Christian civilization. Marx, Lenin, Trotsky — all Jewish. Look it up.",user_e348ce,telegram,2025-09-02T04:06:00Z,3,explicit,0.8346,Hostile,"Mendacious, dehumanizing, demonizing, or stereotypical allegations about Jews; Accusing Jews as a people of being responsible for real or imagined wrongdoing",Jewish conspiracy,
post-0668,Every major color revolution in the last 20 years traces back to the same NGO networks. Follow the funding. 🔥,user_441e24,telegram,2025-11-28T13:38:00Z,2,coded,0.6532,Hostile,Accusing Jews as a people of being responsible for real or imagined wrongdoing,Jewish conspiracy; globalists,
post-0669,Proud to stand with the Jewish community at today's solidarity rally. Hate has no place here. 👀,user_1b942c,telegram,2025-04-10T17:14:00Z,0,clean,0.1967,Supportive,,antisemitism,
post-0670,Visited Yad Vashem in Jerusalem today. Walked through in silence. Some things cannot be put into words. 👀,user_47688b,telegram,2025-04-30T18:49:00Z,0,clean,0.1297,Neutral,,Holocaust,Israel
post-0671,George Soros funds organizations in over 100 countries. Why does one man have so much global influence?,user_9bcd1a,telegram,2025-04-01T09:53:00Z,1,subtle,0.4141,Hostile,,globalists,United States
post-0672,"Jews started World War I, World War II, and are now engineering World War III. Same families, same playbook.!!",user_439b23,telegram,2025-07-10T19:54:00Z,3,explicit,0.7596,Hostile,Accusing Jews as a people of being responsible for real or imagined wrongdoing,Jewish conspiracy,
post-0673,Legitimate question: why is it taboo to even ask who benefits from US foreign policy in the Middle East? — wake up!,user_14cb62,telegram,2025-03-18T17:24:00Z,1,subtle,0.3116,Negative,,dual loyalty,United States
post-0674,Loyalty to a foreign state should disqualify you from public office. That applies to everyone — no exceptions.,user_5f14d4,telegram,2025-06-07T22:23:00Z,1,subtle,0.2211,Negative,Accusing Jewish citizens of dual loyalty,dual loyalty,
post-0675,"People are afraid to say it openly, but they think it privately. That gap between public and private opinion is growing. 👀",user_1d9ca0,telegram,2025-12-06T01:08:00Z,1,subtle,0.3702,Neutral,,Jewish conspiracy,
post-0676,Every Israeli civilian is a soldier. There are no innocent Zionists. None. ‼️,user_8a07b3,telegram,2025-12-05T16:42:00Z,4,hostile,0.8873,Hostile,"Calling for, aiding, or justifying the killing or harming of Jews; Holding Jews collectively responsible for actions of the State of Israel",Zionist; October 7th,Israel
post-0677,Burn every Jewish institution that funds Israeli apartheid. Start with the ones in your own city. — wake up!,user_c3c1c2,telegram,2025-01-24T05:54:00Z,4,hostile,0.9142,Hostile,"Calling for, aiding, or justifying the killing or harming of Jews",synagogue; Jewish conspiracy,
post-0678,Israel's siege of Gaza is a textbook example of collective punishment — the same tactic used in the Warsaw Ghetto. 🤔,user_43feef,telegram,2025-04-01T06:35:00Z,2,coded,0.6033,Negative,Drawing comparisons of contemporary Israeli policy to that of the Nazis; Holding Jews collectively responsible for actions of the State of Israel,Holocaust; Zionist,Israel
post-0679,Death to Israel and all who fund it. This is not a threat — it is a prayer. 🔥,user_1a4423,telegram,2025-11-10T13:24:00Z,4,hostile,0.9873,Hostile,"Calling for, aiding, or justifying the killing or harming of Jews",Zionist,Israel
post-0680,"COVID vaccines were designed by people connected to the Davos crowd — same names, same agenda, same profits.",user_127984,telegram,2025-10-13T07:35:00Z,2,coded,0.6424,Hostile,Accusing Jews as a people of being responsible for real or imagined wrongdoing,globalists,
post-0681,"Judaism is not a religion, it's a supremacist ideology disguised as religion. Jewish people are trained from birth to believe they are chosen above all others. — share this!",user_2ff092,telegram,2025-12-27T10:58:00Z,3,explicit,0.7784,Hostile,"Mendacious, dehumanizing, demonizing, or stereotypical allegations about Jews",Jewish conspiracy,
post-0682,Why is questioning Shoah figures illegal in so many countries? Real historical events don't need legal protection.,user_a4486d,telegram,2025-12-01T13:38:00Z,2,coded,0.562,Hostile,"Denying the fact, scope, mechanisms, or intentionality of the Holocaust; Accusing the Jews as a people, or Israel as a state, of inventing or exaggerating the Holocaust",Holocaust,
post-0683,Interesting coincidence that so many of the architects of the 2008 financial crash came from the same institutions…,user_763ce2,telegram,2025-07-25T22:14:00Z,1,subtle,0.3829,Neutral,,bank control,United States
post-0684,Jews have no genuine home. They are eternal wanderers who corrupt every nation they settle in.,user_d2c188,telegram,2025-10-04T15:51:00Z,3,explicit,0.746,Hostile,"Mendacious, dehumanizing, demonizing, or stereotypical allegations about Jews",Jewish conspiracy,
post-0685,Every synagogue in Europe should be shut down. They are command centres for a fifth column. 👀,user_10f997,telegram,2025-03-15T06:51:00Z,4,hostile,0.915,Hostile,"Calling for, aiding, or justifying the killing or harming of Jews",synagogue; Jewish conspiracy,Germany
post-0686,BREAKING: Declassified documents confirm Israel knew about the 9/11 attacks 72 hours in advance and said nothing. — wake up!,user_d46529,telegram,2025-06-21T22:50:00Z,4,hostile,0.9752,Hostile,Accusing Jews as a people of being responsible for real or imagined wrongdoing,Jewish conspiracy,United States
post-0687,George Soros has spent over $30 billion dismantling national sovereignty worldwide. Who gave him that mission?!!,user_efcc8a,telegram,2025-11-07T04:05:00Z,2,coded,0.6185,Hostile,Accusing Jews as a people of being responsible for real or imagined wrongdoing,globalists,United States
post-0688,Jewish organizations are the biggest funders of mass immigration into Europe. This is not a theory — look at the tax filings. 🤔,user_5023c0,telegram,2025-10-09T23:09:00Z,2,coded,0.5547,Hostile,Accusing Jews as a people of being responsible for real or imagined wrongdoing,Jewish conspiracy; globalists,Germany
post-0689,The IDF's behavior in civilian areas is indistinguishable from Nazi military doctrine. History repeating itself. 👀,user_4e515e,telegram,2025-02-15T12:39:00Z,2,coded,0.5101,Hostile,Drawing comparisons of contemporary Israeli policy to that of the Nazis,Holocaust; Zionist,Israel
post-0690,"The attack on the Nova festival targeted oppressors dancing on occupied land. This is context, not justification. — wake up!",user_4e8587,telegram,2025-07-15T00:45:00Z,4,hostile,0.9054,Hostile,"Calling for, aiding, or justifying the killing or harming of Jews",October 7th,Israel
post-0691,The LGBT agenda is a Jewish invention to weaken traditional family structures in Christian societies. 🤔,user_1aec29,telegram,2025-01-24T09:41:00Z,3,explicit,0.8544,Hostile,Accusing Jews as a people of being responsible for real or imagined wrongdoing,Jewish conspiracy,
post-0692,Jewish NGOs are deliberately funding mass migration into Europe to replace the native population. — share this!,user_805b37,telegram,2025-10-18T05:55:00Z,3,explicit,0.714,Hostile,Accusing Jews as a people of being responsible for real or imagined wrongdoing,Jewish conspiracy; globalists,Germany
post-0693,"Jewish communities in the West cheer on Israeli airstrikes. Collective enthusiasm, collective responsibility. 👀",user_1d7d7b,telegram,2025-04-01T18:40:00Z,2,coded,0.5432,Hostile,Holding Jews collectively responsible for actions of the State of Israel,,
post-0694,Jewish Zionists have infected Western institutions. Their goal is to silence all criticism of Israel. 👀,user_8f2001,telegram,2025-04-24T12:12:00Z,2,coded,0.6378,Hostile,Accusing Jews as a people of being responsible for real or imagined wrongdoing,Zionist,
post-0695,"No hate intended, but has anyone else noticed which communities seem to be behind most major financial scandals?",user_e1a23a,telegram,2025-01-21T09:02:00Z,1,subtle,0.3083,Negative,"Mendacious, dehumanizing, demonizing, or stereotypical allegations about Jews",bank control,
post-0696,Klezmer music is so joyful and moving. Attended a live performance last night — incredible.,user_4b160f,telegram,2025-09-19T06:17:00Z,0,clean,0.1518,Supportive,,,
post-0697,What Israel is doing to Palestinians is exactly what was done to Jews in the 1930s. They became what they fought. 🤔,user_9fb221,telegram,2025-11-04T20:42:00Z,2,coded,0.6429,Negative,Drawing comparisons of contemporary Israeli policy to that of the Nazis,Holocaust,Israel
post-0698,Jewish politicians in Germany consistently vote for Israel's interests over Germany's. This is dual loyalty — call it what it is. — wake up!,user_59a9cf,telegram,2025-05-09T06:04:00Z,2,coded,0.5304,Hostile,Accusing Jewish citizens of dual loyalty,dual loyalty,Germany
post-0699,EXCLUSIVE: The IDF deliberately harvests organs from Palestinian civilians killed in airstrikes. 📢,user_127a41,telegram,2025-01-07T04:12:00Z,4,hostile,0.9501,Hostile,"Mendacious, dehumanizing, demonizing, or stereotypical allegations about Jews",Zionist,Israel
post-0700,"Jewish communities in the West cheer on Israeli airstrikes. Collective enthusiasm, collective responsibility. 📢",user_e28737,telegram,2025-10-18T09:11:00Z,2,coded,0.6416,Hostile,Holding Jews collectively responsible for actions of the State of Israel,,
post-0701,Death to Israel and all who fund it. This is not a threat — it is a prayer. 📢,user_70a9b9,telegram,2025-11-02T02:50:00Z,4,hostile,0.9561,Hostile,"Calling for, aiding, or justifying the killing or harming of Jews",Zionist,Israel
post-0702,I'm allowed to ask: why do so many government advisors hold dual citizenship with Israel? 📢,user_c11a36,telegram,2025-05-20T12:06:00Z,1,subtle,0.3436,Negative,,dual loyalty,
post-0703,"COVID vaccines were designed by people connected to the Davos crowd — same names, same agenda, same profits. — wake up!",user_f7a810,telegram,2025-10-07T20:06:00Z,2,coded,0.552,Hostile,Accusing Jews as a people of being responsible for real or imagined wrongdoing,globalists,
post-0704,"Best coffee I've ever had was at a tiny café in Porto. If you're ever there, go. ‼️",user_178d94,telegram,2025-02-28T22:04:00Z,0,clean,0.178,Supportive,,,Portugal
post-0705,The Auschwitz-Birkenau Memorial receives over two million visitors a year. Memory is an act of resistance. — share this!,user_d95af6,telegram,2025-04-08T00:23:00Z,0,clean,0.1003,Neutral,,Holocaust,Poland
post-0706,Every the Zionist statei settler killed on October 7th was a colonizer. Not a civilian. Not a victim.,user_96302a,telegram,2025-03-17T04:59:00Z,4,hostile,0.9873,Hostile,"Calling for, aiding, or justifying the killing or harming of Jews; Holding Jews collectively responsible for actions of the State of Israel",October 7th; Zionist,Israel
post-0707,The Frankfurt School was a Jewish intellectual project to destroy Western Christian civilization from within. ‼️,user_315894,telegram,2025-02-23T16:39:00Z,3,explicit,0.8692,Hostile,"Mendacious, dehumanizing, demonizing, or stereotypical allegations about Jews; Accusing Jews as a people of being responsible for real or imagined wrongdoing",Jewish conspiracy,Germany
post-0708,BOMBSHELL: Rothschild family met privately with three heads of state one week before the 2008 financial crash. 🤔,user_54daab,telegram,2025-08-21T10:16:00Z,4,hostile,0.9022,Hostile,Accusing Jews as a people of being responsible for real or imagined wrongdoing,Jewish conspiracy; bank control,United States
post-0709,The global elites pulling the strings behind our governments — follow the money. Always follow the money. — wake up!,user_6f29d7,telegram,2025-11-29T19:19:00Z,1,subtle,0.3226,Hostile,,globalists; bank control,
post-0710,The apartheid state of Israel is maintained by Jewish donors worldwide. They all share responsibility. 🔥,user_ead806,telegram,2025-05-07T04:18:00Z,2,coded,0.5976,Hostile,Holding Jews collectively responsible for actions of the State of Israel,Zionist,Israel
post-0711,"Stabbing a rabbi in the street is a political act, not a hate crime. Know the difference.",user_af5d59,telegram,2025-11-09T15:45:00Z,4,hostile,0.8998,Hostile,"Calling for, aiding, or justifying the killing or harming of Jews",Jewish conspiracy,
post-0712,Celebrated Purim with my neighbors today. The costumes were amazing and the hamantaschen were delicious! — wake up!,user_8b867e,telegram,2025-05-21T09:03:00Z,0,clean,0.1208,Supportive,,,
post-0713,Shabbat Shalom everyone! Wishing a peaceful and restful Shabbat to all those celebrating tonight. 🕎!!,user_7bc10a,telegram,2025-09-05T16:46:00Z,0,clean,0.0668,Supportive,,,
post-0714,American politicians putting Israel's interests ahead of American ones. When does that become a problem? 🔥,user_89e7fb,telegram,2025-04-15T20:58:00Z,1,subtle,0.353,Negative,,dual loyalty,United States
post-0715,"The Shoah was a tragedy, but so were the famines in India and the gulags. Why does one event dominate all others?",user_c0c2e9,telegram,2025-09-10T06:43:00Z,2,coded,0.5333,Neutral,"Denying the fact, scope, mechanisms, or intentionality of the Holocaust",Holocaust,
post-0716,Jewish politicians in Germany consistently vote for Israel's interests over Germany's. This is dual loyalty — call it what it is.,user_507948,telegram,2025-07-18T13:23:00Z,2,coded,0.602,Hostile,Accusing Jewish citizens of dual loyalty,dual loyalty,Germany
post-0717,(((They))) don't want you to know the truth. That's why the algorithm keeps suppressing this content. 📢,user_459fbe,telegram,2025-06-27T09:06:00Z,1,subtle,0.2373,Hostile,,Jewish conspiracy,
post-0718,The Federal Reserve has never been properly audited. Who really controls our money supply?,user_dbacf7,telegram,2025-11-09T23:12:00Z,1,subtle,0.3725,Hostile,,bank control,United States
post-0719,Dual citizenship in Israel should disqualify anyone from serving in Western governments. Period.,user_118fbb,telegram,2025-09-11T01:19:00Z,2,coded,0.6602,Negative,Accusing Jewish citizens of dual loyalty,dual loyalty,
post-0720,Chag Sameach! Wishing everyone a joyful and meaningful Passover. May the story of freedom inspire us all. — wake up!,user_914785,telegram,2025-03-17T15:06:00Z,0,clean,0.1397,Supportive,,,
post-0721,"The same people who lecture the world on the Holocaust are now running an open-air prison. Ironic, isn't it? 👀",user_4136d0,telegram,2025-12-24T19:58:00Z,2,coded,0.5926,Negative,Drawing comparisons of contemporary Israeli policy to that of the Nazis; Holding Jews collectively responsible for actions of the State of Israel,Holocaust,Israel
post-0722,The LGBT agenda is a Jewish invention to weaken traditional family structures in Christian societies.,user_8d839b,telegram,2025-03-16T13:40:00Z,3,explicit,0.7681,Hostile,Accusing Jews as a people of being responsible for real or imagined wrongdoing,Jewish conspiracy,
post-0723,Local election results are in. Turnout was low as expected. We need to do better.,user_565ad7,telegram,2025-12-18T03:51:00Z,0,clean,0.0813,Neutral,,,
post-0724,"The media, the banks, and the pharmaceuticals are all controlled by the same networks. Connect the dots. 📢",user_979dd7,telegram,2025-05-25T17:43:00Z,2,coded,0.5928,Hostile,Accusing Jews as a people of being responsible for real or imagined wrongdoing,media control; bank control,
post-0725,Every Israeli civilian is a soldier. There are no innocent Zionists. None. — wake up!,user_d35990,telegram,2025-11-09T07:52:00Z,4,hostile,0.9654,Hostile,"Calling for, aiding, or justifying the killing or harming of Jews; Holding Jews collectively responsible for actions of the State of Israel",Zionist; October 7th,Israel
post-0726,The economic data released today shows inflation easing slightly. Still a long way to go though. 🔥,user_e71883,telegram,2025-12-26T11:54:00Z,0,clean,0.1031,Neutral,,,
post-0727,Film recommendation: incredible documentary about ocean conservation. Everyone should watch. 🤔,user_0dfaba,telegram,2025-02-09T18:36:00Z,0,clean,0.1082,Supportive,,,
post-0728,I'm not antisemitic but why do Jewish people make up such a small percentage of the population yet dominate so many industries? — share this!,user_ba4ec9,telegram,2025-06-04T06:09:00Z,1,subtle,0.4069,Negative,"Mendacious, dehumanizing, demonizing, or stereotypical allegations about Jews",Jewish conspiracy,
post-0729,There were no gas chambers at Auschwitz. This has been proven by multiple engineers and chemists. 📢,user_cb20ba,telegram,2025-10-22T16:44:00Z,3,explicit,0.8465,Hostile,"Denying the fact, scope, mechanisms, or intentionality of the Holocaust",Holocaust,Poland
post-0730,More civilians died in the Allied bombing of Dresden than in some camps. Why is one tragedy commemorated and the other ignored? ‼️,user_e2aa81,telegram,2025-05-02T21:31:00Z,2,coded,0.5807,Negative,"Denying the fact, scope, mechanisms, or intentionality of the Holocaust",Holocaust,Germany
post-0731,Israel could not exist for a single day without Jewish financial networks propping it up globally. 🔥,user_ac24ba,telegram,2025-10-29T15:35:00Z,2,coded,0.6644,Hostile,Accusing Jews as a people of being responsible for real or imagined wrongdoing,Zionist; bank control,Israel
post-0732,Strange coincidence how the Ukraine war benefited the same oligarchs who were already connected to Washington. ‼️,user_791898,telegram,2025-02-22T08:05:00Z,1,subtle,0.3327,Neutral,,globalists,Ukraine
post-0733,The apartheid state of Israel is maintained by Jewish donors worldwide. They all share responsibility. — share this!,user_c097f0,telegram,2025-12-06T20:37:00Z,2,coded,0.551,Hostile,Holding Jews collectively responsible for actions of the State of Israel,Zionist,Israel
post-0734,American Jews donate to Israeli defense funds while living safely in the US. Their true loyalty is clear.,user_14a674,telegram,2025-07-21T10:37:00Z,2,coded,0.6011,Hostile,Accusing Jewish citizens of dual loyalty,dual loyalty,United States
post-0735,Israeli scientists have published a major breakthrough in Alzheimer's research. Great news for patients worldwide. 🔥,user_f2ed52,telegram,2025-08-08T05:06:00Z,0,clean,0.174,Supportive,,,Israel
post-0736,Jewish Zionists have infected Western institutions. Their goal is to silence all criticism of the Zionist state.,user_bb3566,telegram,2025-03-02T23:03:00Z,2,coded,0.5359,Hostile,Accusing Jews as a people of being responsible for real or imagined wrongdoing,Zionist,
post-0737,"No hate intended, but has anyone else noticed which communities seem to be behind most major financial scandals? 🤔",user_461586,telegram,2025-02-18T03:38:00Z,1,subtle,0.2979,Negative,"Mendacious, dehumanizing, demonizing, or stereotypical allegations about Jews",bank control,
post-0738,"Jews in positions of power must be removed. Peacefully if possible, but removed either way. 🔥",user_446612,telegram,2025-11-19T09:12:00Z,4,hostile,0.9368,Hostile,"Calling for, aiding, or justifying the killing or harming of Jews",Jewish conspiracy,
post-0739,Jewish billionaires funded Black Lives Matter to pit Americans against each other and prevent white unity. ‼️,user_9a6bb0,telegram,2025-12-17T21:52:00Z,3,explicit,0.8528,Hostile,Accusing Jews as a people of being responsible for real or imagined wrongdoing,Jewish conspiracy; globalists,United States
post-0740,Armed resistance against Zionist occupation is not terrorism — it is a sacred duty for every free person.,user_ddb488,telegram,2025-06-19T00:26:00Z,4,hostile,0.9745,Hostile,"Calling for, aiding, or justifying the killing or harming of Jews",Zionist,Israel
post-0741,Another 'coincidence' — the politicians who voted for the bailout all received campaign donations from the same banks.!!,user_b175cc,telegram,2025-07-12T21:11:00Z,1,subtle,0.3417,Neutral,,bank control,
post-0742,The Protocols of the Elders of Zion is not a forgery — it's a blueprint that has been executed with precision. — wake up!,user_eb56fb,telegram,2025-04-10T18:31:00Z,3,explicit,0.7977,Hostile,"Mendacious, dehumanizing, demonizing, or stereotypical allegations about Jews; Accusing Jews as a people of being responsible for real or imagined wrongdoing",Jewish conspiracy,
post-0743,Shabbat Shalom everyone! Wishing a peaceful and restful Shabbat to all those celebrating tonight. 🕎 🔥,user_a674ad,telegram,2025-02-16T17:20:00Z,0,clean,0.1545,Supportive,,,
post-0744,My team won the championship last night!! What a match. Still can't believe it 🏆 📢,user_b3a785,telegram,2025-05-04T06:10:00Z,0,clean,0.1335,Supportive,,,
post-0745,Just finished a 5km run for the first time. Legs are dead but feeling great 🏃 🤔,user_ec8856,telegram,2025-01-19T02:23:00Z,0,clean,0.1641,Supportive,,,
post-0746,"No hate intended, but has anyone else noticed which communities seem to be behind most major financial scandals? ‼️",user_4a3cf6,telegram,2025-12-01T03:08:00Z,1,subtle,0.3147,Negative,"Mendacious, dehumanizing, demonizing, or stereotypical allegations about Jews",bank control,
post-0747,Anne Frank's diary was written in ballpoint pen — which wasn't invented until after the war. Think about it. 👀,user_2fb740,telegram,2025-07-07T20:14:00Z,3,explicit,0.8273,Hostile,"Accusing the Jews as a people, or Israel as a state, of inventing or exaggerating the Holocaust",Holocaust,
post-0748,"From the river to the sea — and after that, we deal with the Jewish diaspora that supported this colonial project.",user_f54cc2,telegram,2025-04-14T06:39:00Z,4,hostile,0.8866,Hostile,"Calling for, aiding, or justifying the killing or harming of Jews; Holding Jews collectively responsible for actions of the State of Israel",Zionist,Israel
post-0749,"Jews are parasites who feed on host nations until there is nothing left, then move on. History confirms this.",user_f3c148,telegram,2025-12-24T05:45:00Z,3,explicit,0.7846,Hostile,"Mendacious, dehumanizing, demonizing, or stereotypical allegations about Jews",Jewish conspiracy,
post-0750,The world would be a better place without Israel and the people who created and defend it. 📢,user_450321,telegram,2025-01-18T05:36:00Z,4,hostile,0.896,Hostile,"Calling for, aiding, or justifying the killing or harming of Jews",Zionist,Israel
post-0751,"Hanukkah starts tonight! Eight nights of light, family, and latkes. 🕯️🕯️!!",user_dd69a2,telegram,2025-10-31T16:20:00Z,0,clean,0.1704,Supportive,,,
post-0752,The Jewish lobby controls the US Congress. Every major military intervention since 1990 was done for Israel. 👀,user_2a3b9f,telegram,2025-12-15T07:21:00Z,3,explicit,0.7483,Hostile,Accusing Jews as a people of being responsible for real or imagined wrongdoing,Jewish conspiracy; dual loyalty,United States
post-0753,Film recommendation: incredible documentary about ocean conservation. Everyone should watch. — wake up!,user_27b358,telegram,2025-09-09T10:30:00Z,0,clean,0.1041,Supportive,,,
post-0754,Schools should make Holocaust education mandatory. Understanding history is the only way to prevent it repeating.,user_17472d,telegram,2025-09-08T11:27:00Z,0,clean,0.1014,Neutral,,Holocaust; antisemitism,
post-0755,Celebrated Purim with my neighbors today. The costumes were amazing and the hamantaschen were delicious! — wake up!,user_8b867e,telegram,2025-03-13T04:06:00Z,0,clean,0.1421,Supportive,,,
post-0756,Reading 'Night' by Elie Wiesel for the third time. Devastating and essential. Everyone should read this book. — wake up!,user_e81500,telegram,2025-08-22T17:12:00Z,0,clean,0.1474,Neutral,,Holocaust,
post-0757,The world would be a better place without Israel and the people who created and defend it. ‼️,user_0dadf4,telegram,2025-12-18T18:21:00Z,4,hostile,0.8807,Hostile,"Calling for, aiding, or justifying the killing or harming of Jews",Zionist,Israel
post-0758,Legitimate question: why is it taboo to even ask who benefits from US foreign policy in the Middle East?,user_6a6401,telegram,2025-01-20T13:26:00Z,1,subtle,0.2711,Negative,,dual loyalty,United States
post-0759,Healthcare workers deserve better pay and conditions. Simple as that. 📢,user_c99166,telegram,2025-05-02T01:08:00Z,0,clean,0.0497,Neutral,,,
post-0760,Why is it antisemitic to point out that AIPAC has enormous influence over US elections? That's just factual. ‼️,user_7821a8,telegram,2025-06-01T15:45:00Z,1,subtle,0.3899,Negative,,dual loyalty,United States
post-0761,What a coincidence that the biggest media donors all seem to have the same political interests in the Middle East. — wake up!,user_51dfd1,telegram,2025-04-08T09:17:00Z,1,subtle,0.3378,Neutral,,media control; dual loyalty,
post-0762,BREAKING: Declassified documents confirm Israel knew about the 9/11 attacks 72 hours in advance and said nothing. — wake up!,user_d46529,telegram,2025-03-11T21:58:00Z,4,hostile,0.9376,Hostile,Accusing Jews as a people of being responsible for real or imagined wrongdoing,Jewish conspiracy,United States
post-0763,"The Talmud literally instructs Jews to cheat, lie to, and exploit non-Jews. This is their sacred text.!!",user_bcd5e8,telegram,2025-05-18T21:12:00Z,3,explicit,0.8212,Hostile,"Mendacious, dehumanizing, demonizing, or stereotypical allegations about Jews",Jewish conspiracy,
post-0764,Making matzah ball soup from scratch this year for Passover. Wish me luck 🍜 ‼️,user_e72e3f,telegram,2025-08-20T15:26:00Z,0,clean,0.0666,Supportive,,,
post-0765,There were no gas chambers at Auschwitz. This has been proven by multiple engineers and chemists. — share this!,user_416ebf,telegram,2025-12-02T20:19:00Z,3,explicit,0.7095,Hostile,"Denying the fact, scope, mechanisms, or intentionality of the Holocaust",Holocaust,Poland
post-0766,Nuke Tel Aviv and the problem solves itself. The rest of the world can finally breathe.,user_c0b7fc,telegram,2025-11-30T06:50:00Z,4,hostile,0.9156,Hostile,"Calling for, aiding, or justifying the killing or harming of Jews",Zionist,Israel
post-0767,The only solution to the Jewish problem is the same one that has been tried many times throughout history.,user_13d039,telegram,2025-08-24T01:59:00Z,4,hostile,0.9351,Hostile,"Calling for, aiding, or justifying the killing or harming of Jews",Jewish conspiracy,
post-0768,CONFIRMED: Jewish doctors are deliberately administering different (weaker) vaccines to non-Jewish patients. 👀,user_f487f3,telegram,2025-02-15T13:12:00Z,4,hostile,0.9457,Hostile,"Mendacious, dehumanizing, demonizing, or stereotypical allegations about Jews; Accusing Jews as a people of being responsible for real or imagined wrongdoing",Jewish conspiracy,
post-0769,Traffic in the city this morning was a nightmare. Took two hours for what's normally 30 minutes. ‼️,user_ba6506,telegram,2025-10-19T03:05:00Z,0,clean,0.1527,Negative,,,
post-0770,Israel could not exist for a single day without Jewish financial networks propping it up globally.,user_ea2c10,telegram,2025-12-05T16:05:00Z,2,coded,0.5729,Hostile,Accusing Jews as a people of being responsible for real or imagined wrongdoing,Zionist; bank control,Israel
post-0771,"A final accounting is coming. The names are being written down. Every Rothschild, every Soros, every collaborator.",user_ccd0a3,telegram,2025-06-24T20:42:00Z,4,hostile,0.9048,Hostile,"Calling for, aiding, or justifying the killing or harming of Jews",Jewish conspiracy; bank control,
post-0772,Legitimate question: why is it taboo to even ask who benefits from US foreign policy in the Middle East? ‼️,user_55818b,telegram,2025-09-26T09:53:00Z,1,subtle,0.4306,Negative,,dual loyalty,United States
post-0773,The LGBT agenda is a Jewish invention to weaken traditional family structures in Christian societies. 🤔,user_1aec29,telegram,2025-10-08T19:12:00Z,3,explicit,0.8314,Hostile,Accusing Jews as a people of being responsible for real or imagined wrongdoing,Jewish conspiracy,
post-0774,"Not saying who, but a certain tiny group of people owns a disproportionate amount of our media. — share this!",user_32910c,telegram,2025-12-09T09:48:00Z,1,subtle,0.4063,Hostile,,media control,
post-0775,"When the revolution comes, the bankers will be the first ones up against the wall. You know who they are. 🔥",user_0e14cc,telegram,2025-12-04T19:55:00Z,4,hostile,0.9737,Hostile,"Calling for, aiding, or justifying the killing or harming of Jews",bank control,
post-0776,"Funny how the same faces keep appearing at Davos every year. The same bankers, the same agenda. — wake up!",user_a03ad8,telegram,2025-10-22T01:09:00Z,1,subtle,0.3312,Hostile,,globalists; bank control,
post-0777,More civilians died in the Allied bombing of Dresden than in some camps. Why is one tragedy commemorated and the other ignored? ‼️,user_e2aa81,telegram,2025-04-11T00:07:00Z,2,coded,0.4935,Negative,"Denying the fact, scope, mechanisms, or intentionality of the Holocaust",Holocaust,Germany
post-0778,Some people serve two masters. The question is which one comes first when there's a conflict.,user_9e5b77,telegram,2025-02-10T19:25:00Z,1,subtle,0.3949,Negative,Accusing Jewish citizens of dual loyalty,dual loyalty,
post-0779,October 7th was the most beautiful day in the history of Palestinian resistance. Heroes walked into enemy territory. ‼️,user_f3a5ff,telegram,2025-11-11T03:17:00Z,4,hostile,0.9003,Hostile,"Calling for, aiding, or justifying the killing or harming of Jews",October 7th,Israel
post-0780,The Holocaust was Allied war propaganda to justify the destruction of Germany. The real victims were Germans. 📢,user_e151e6,telegram,2025-04-28T23:50:00Z,3,explicit,0.7807,Hostile,"Denying the fact, scope, mechanisms, or intentionality of the Holocaust; Accusing the Jews as a people, or Israel as a state, of inventing or exaggerating the Holocaust",Holocaust,Germany
post-0781,(((They))) don't want you to know the truth. That's why the algorithm keeps suppressing this content. 🤔,user_884e26,telegram,2025-02-09T19:16:00Z,1,subtle,0.2859,Hostile,,Jewish conspiracy,
post-0782,A synagogue in my city was vandalized last night. The whole community stands with our Jewish neighbors. — share this!,user_9c48ec,telegram,2025-09-19T14:57:00Z,0,clean,0.0494,Neutral,,synagogue; antisemitism,
post-0783,The Dead Sea is truly unlike anything else on earth. Floating effortlessly while reading a newspaper 📰 👀,user_d5ba70,telegram,2025-04-29T11:46:00Z,0,clean,0.0821,Supportive,,,Israel
post-0784,Interesting coincidence that so many of the architects of the 2008 financial crash came from the same institutions… 📢,user_a7eaf5,telegram,2025-09-29T15:40:00Z,1,subtle,0.2312,Neutral,,bank control,United States
post-0785,Israel's Magen David Adom volunteers continue providing aid across disaster zones worldwide. Proud of this work. — wake up!,user_3fcdf5,telegram,2025-11-18T06:56:00Z,0,clean,0.1922,Supportive,,,Israel
post-0786,"Not saying who, but a certain tiny group of people owns a disproportionate amount of our media. 🔥",user_dddcf5,telegram,2025-08-19T19:05:00Z,1,subtle,0.3623,Hostile,,media control,
post-0787,Why is questioning Holocaust figures illegal in so many countries? Real historical events don't need legal protection.,user_7c8329,telegram,2025-01-22T21:05:00Z,2,coded,0.5166,Hostile,"Denying the fact, scope, mechanisms, or intentionality of the Holocaust; Accusing the Jews as a people, or Israel as a state, of inventing or exaggerating the Holocaust",Holocaust,
post-0788,Jewish people have a genetic disposition toward deception and manipulation. History proves this across civilizations. 📢,user_454465,telegram,2025-06-30T02:51:00Z,3,explicit,0.826,Hostile,"Mendacious, dehumanizing, demonizing, or stereotypical allegations about Jews",Jewish conspiracy,
post-0789,The reason housing is unaffordable is Jewish landlords and real-estate firms systematically pricing out gentiles. — share this!,user_0a4bc1,telegram,2025-04-18T13:25:00Z,3,explicit,0.8225,Hostile,"Mendacious, dehumanizing, demonizing, or stereotypical allegations about Jews; Accusing Jews as a people of being responsible for real or imagined wrongdoing",Jewish conspiracy; bank control,
post-0790,Making matzah ball soup from scratch this year for Passover. Wish me luck 🍜 ‼️,user_e72e3f,telegram,2025-02-08T13:00:00Z,0,clean,0.0595,Supportive,,,
post-0791,Jewish Zionists have infected Western institutions. Their goal is to silence all criticism of Israel. 🤔,user_4f75a9,telegram,2025-05-19T02:03:00Z,2,coded,0.523,Hostile,Accusing Jews as a people of being responsible for real or imagined wrongdoing,Zionist,
post-0792,It's just a coincidence that the loudest voices for censorship are the ones who'd benefit most from it. 🤔,user_f7a7c3,telegram,2025-09-20T23:29:00Z,1,subtle,0.2775,Neutral,,Jewish conspiracy,
post-0793,My grandmother survived Auschwitz. She passed last year at 96. Her testimony will live on forever. #HolocaustRemembrance 👀,user_5865b6,telegram,2025-05-28T22:07:00Z,0,clean,0.1701,Neutral,,Holocaust,Poland
post-0794,Hollywood and the major news networks all seem to push the same narrative. Ever wonder why? — wake up!,user_62578c,telegram,2025-09-10T12:54:00Z,1,subtle,0.3395,Hostile,,media control,
post-0795,Armed resistance against Zionist occupation is not terrorism — it is a sacred duty for every free person.,user_ddb488,telegram,2025-09-24T01:25:00Z,4,hostile,0.9895,Hostile,"Calling for, aiding, or justifying the killing or harming of Jews",Zionist,Israel
post-0796,"Not blaming anyone, just observing patterns. Patterns don't lie even when people say you're not allowed to discuss them.",user_9ad8bd,telegram,2025-05-25T01:36:00Z,1,subtle,0.2364,Neutral,,Jewish conspiracy,
post-0797,"Jewish communities in the West cheer on Israeli airstrikes. Collective enthusiasm, collective responsibility. 🤔",user_f33fde,telegram,2025-06-04T18:08:00Z,2,coded,0.4992,Hostile,Holding Jews collectively responsible for actions of the State of Israel,,
post-0798,Dual citizenship in Israel should disqualify anyone from serving in Western governments. Period. 📢,user_866ce6,telegram,2025-06-01T16:58:00Z,2,coded,0.6045,Negative,Accusing Jewish citizens of dual loyalty,dual loyalty,
post-0799,Traffic in the city this morning was a nightmare. Took two hours for what's normally 30 minutes. 👀,user_4849c0,telegram,2025-10-17T09:22:00Z,0,clean,0.0506,Negative,,,
post-0800,Zionism is to Judaism what Nazism is to Germany — an extremist political movement hiding behind identity. ‼️,user_cdeea5,telegram,2025-03-23T10:19:00Z,2,coded,0.4907,Hostile,Drawing comparisons of contemporary Israeli policy to that of the Nazis,Zionist,
post-0801,The economic data released today shows inflation easing slightly. Still a long way to go though. 📢,user_01b199,telegram,2025-09-05T23:15:00Z,0,clean,0.1006,Neutral,,,
post-0802,Criticism of the Zionist state isn't antisemitism. And sometimes what looks like antisemitism is just people connecting the dots.,user_dbd68b,telegram,2025-01-29T12:32:00Z,1,subtle,0.3387,Neutral,Accusing Jews as a people of being responsible for real or imagined wrongdoing,,
post-0803,Jewish people have a genetic disposition toward deception and manipulation. History proves this across civilizations. ‼️,user_f2c03f,telegram,2025-12-04T11:47:00Z,3,explicit,0.7062,Hostile,"Mendacious, dehumanizing, demonizing, or stereotypical allegations about Jews",Jewish conspiracy,
post-0804,CONFIRMED: Jewish doctors are deliberately administering different (weaker) vaccines to non-Jewish patients. 👀,user_f487f3,telegram,2025-01-17T01:17:00Z,4,hostile,0.99,Hostile,"Mendacious, dehumanizing, demonizing, or stereotypical allegations about Jews; Accusing Jews as a people of being responsible for real or imagined wrongdoing",Jewish conspiracy,
post-0805,"Notice how every time a politician criticizes Israel, they suddenly face a scandal or career problems?",user_f785a1,telegram,2025-05-17T18:19:00Z,1,subtle,0.2718,Hostile,,dual loyalty,
post-0806,"Jewish community leaders in Germany have more loyalty to Tel Aviv than to Berlin. Always have, always will.",user_5f1c65,telegram,2025-03-03T05:14:00Z,3,explicit,0.8163,Hostile,Accusing Jewish citizens of dual loyalty,dual loyalty,Germany
post-0807,Every Jew who stays silent about Gaza is personally complicit in genocide. Silence is collaboration.!!,user_6f5e32,telegram,2025-06-26T21:16:00Z,2,coded,0.5818,Hostile,Holding Jews collectively responsible for actions of the State of Israel,Zionist,Israel
post-0808,Criticism of Israel isn't antisemitism. And sometimes what looks like antisemitism is just people connecting the dots. 🤔,user_a99f62,telegram,2025-04-01T03:54:00Z,1,subtle,0.3866,Neutral,Accusing Jews as a people of being responsible for real or imagined wrongdoing,,
post-0809,(((They))) don't want you to know the truth. That's why the algorithm keeps suppressing this content. 🔥,user_9c1880,telegram,2025-02-02T01:57:00Z,1,subtle,0.3441,Hostile,,Jewish conspiracy,
post-0810,If you criticize Saudi Arabia you're brave. If you criticize the Zionist state you lose your job. That double standard is Jewish power.,user_44eba1,telegram,2025-09-03T23:13:00Z,3,explicit,0.7715,Hostile,Applying double standards to Israel not expected of any other democratic nation,media control,
post-0811,Reporting a wave of antisemitic messages on this platform. Please report and block these accounts.,user_a639d2,telegram,2025-12-26T17:58:00Z,0,clean,0.0607,Neutral,,antisemitism,
post-0812,My team won the championship last night!! What a match. Still can't believe it 🏆,user_151251,telegram,2025-07-30T19:55:00Z,0,clean,0.1439,Supportive,,,
post-0813,Anti-Zionism is not antisemitism. But holding every Jew responsible for Israel IS a form of anti-Zionism. And it's justified. 👀,user_ad400a,telegram,2025-12-22T08:21:00Z,2,coded,0.5458,Hostile,Holding Jews collectively responsible for actions of the State of Israel,Zionist; antisemitism,
post-0814,The apartheid state of Israel is maintained by Jewish donors worldwide. They all share responsibility. 🤔,user_f37aee,telegram,2025-04-27T12:19:00Z,2,coded,0.4987,Hostile,Holding Jews collectively responsible for actions of the State of Israel,Zionist,Israel
post-0815,"9/11 benefited a very specific set of people. Those people had advance knowledge. This is documented, not conspiracy. 🤔",user_79d3ee,telegram,2025-09-02T05:22:00Z,2,coded,0.6013,Hostile,Accusing Jews as a people of being responsible for real or imagined wrongdoing,Jewish conspiracy,United States
post-0816,"Notice how every time a politician criticizes Israel, they suddenly face a scandal or career problems? — wake up!",user_669e06,telegram,2025-12-12T21:51:00Z,1,subtle,0.3989,Hostile,,dual loyalty,
post-0817,Why do the globalists always push for open borders? Who benefits from this chaos? Just asking.,user_9d7443,telegram,2025-05-29T09:00:00Z,1,subtle,0.3848,Hostile,,globalists,
post-0818,Every Jew who stays silent about Gaza is personally complicit in genocide. Silence is collaboration.,user_914265,telegram,2025-07-12T13:46:00Z,2,coded,0.5123,Hostile,Holding Jews collectively responsible for actions of the State of Israel,Zionist,Israel
post-0819,Zionism is a racist ideology. Jewish people who support it are complicit in ethnic cleansing. — wake up!,user_9eb262,telegram,2025-07-10T22:47:00Z,2,coded,0.6132,Hostile,Holding Jews collectively responsible for actions of the State of Israel,Zionist; antisemitism,Israel
post-0820,The new AI tools coming out this year are genuinely impressive. Exciting and slightly terrifying. ‼️,user_3f3ce1,telegram,2025-01-14T03:56:00Z,0,clean,0.0697,Neutral,,,
post-0821,Jewish lawyers dominate the legal system specifically to protect Jewish criminals from prosecution.,user_3804f0,telegram,2025-10-04T16:35:00Z,3,explicit,0.7705,Hostile,"Mendacious, dehumanizing, demonizing, or stereotypical allegations about Jews; Accusing Jews as a people of being responsible for real or imagined wrongdoing",Jewish conspiracy,
post-0822,Jewish students deserve to feel safe on campus. Universities must do more to combat antisemitism.,user_91047d,telegram,2025-05-16T02:24:00Z,0,clean,0.1573,Neutral,,antisemitism,
post-0823,"The Talmud literally instructs Jews to cheat, lie to, and exploit non-Jews. This is their sacred text. 👀",user_e017d0,telegram,2025-04-16T15:12:00Z,3,explicit,0.8458,Hostile,"Mendacious, dehumanizing, demonizing, or stereotypical allegations about Jews",Jewish conspiracy,
post-0824,Rosh Hashanah tonight. L'Shana Tova to all marking the Jewish New Year 🍎🍯 🤔,user_426266,telegram,2025-03-01T02:13:00Z,0,clean,0.1105,Supportive,,,
post-0825,Every Jewish person in France must answer for Israel's actions. You cannot be Jewish and neutral. ‼️,user_4abefd,telegram,2025-02-28T13:42:00Z,3,explicit,0.728,Hostile,Holding Jews collectively responsible for actions of the State of Israel,,France
post-0826,Nuke Tel Aviv and the problem solves itself. The rest of the world can finally breathe. 🤔,user_06aa93,telegram,2025-11-12T21:26:00Z,4,hostile,0.9733,Hostile,"Calling for, aiding, or justifying the killing or harming of Jews",Zionist,Israel
post-0827,Six million is a very round number. Historians debate the actual toll — why is that discussion forbidden? — wake up!,user_fe6de9,telegram,2025-04-19T21:47:00Z,2,coded,0.5157,Hostile,"Denying the fact, scope, mechanisms, or intentionality of the Holocaust; Accusing the Jews as a people, or Israel as a state, of inventing or exaggerating the Holocaust",Holocaust,
post-0828,A Jewish community centre in my city was vandalized last night. The whole community stands with our Jewish neighbors.,user_891590,telegram,2025-07-08T00:32:00Z,0,clean,0.1637,Neutral,,synagogue; antisemitism,
post-0829,Reading 'Night' by Elie Wiesel for the third time. Devastating and essential. Everyone should read this book. ‼️,user_1042a9,telegram,2025-12-15T02:31:00Z,0,clean,0.0782,Neutral,,Holocaust,
post-0830,The new season of this show is absolutely incredible. Cannot stop watching. 👀,user_169558,telegram,2025-03-16T20:12:00Z,0,clean,0.1077,Supportive,,,
post-0831,My grandmother survived Auschwitz. She passed last year at 96. Her testimony will live on forever. #HolocaustRemembrance ‼️,user_ae8397,telegram,2025-06-08T03:47:00Z,0,clean,0.0582,Neutral,,Holocaust,Poland
post-0832,Every Jewish person in France must answer for Israel's actions. You cannot be Jewish and neutral. 🔥,user_783cf6,telegram,2025-07-07T00:00:00Z,3,explicit,0.6972,Hostile,Holding Jews collectively responsible for actions of the State of Israel,,France
post-0833,Every pharmaceutical company that profited from COVID was founded or run by Jews. Coincidence? — share this!,user_a2bd8f,telegram,2025-06-11T21:10:00Z,3,explicit,0.7493,Hostile,"Mendacious, dehumanizing, demonizing, or stereotypical allegations about Jews; Accusing Jews as a people of being responsible for real or imagined wrongdoing",Jewish conspiracy,
post-0834,Zionism is to Judaism what Nazism is to Germany — an extremist political movement hiding behind identity. 👀,user_4b9e94,telegram,2025-05-04T16:34:00Z,2,coded,0.5271,Hostile,Drawing comparisons of contemporary Israeli policy to that of the Nazis,Zionist,
post-0835,"I don't hate anyone, but I do think certain communities prioritize their own interests over national ones — and that needs discussion.",user_5e6a21,telegram,2025-05-27T21:11:00Z,1,subtle,0.3239,Neutral,Accusing Jewish citizens of dual loyalty,,
post-0836,A congressman with dual citizenship voting on military aid to the country he holds citizenship in. That's fine?,user_b817af,telegram,2025-03-28T12:46:00Z,1,subtle,0.3949,Negative,Accusing Jewish citizens of dual loyalty,dual loyalty,
post-0837,The LGBT agenda is a Jewish invention to weaken traditional family structures in Christian societies. ‼️,user_23a020,telegram,2025-06-16T19:39:00Z,3,explicit,0.7904,Hostile,Accusing Jews as a people of being responsible for real or imagined wrongdoing,Jewish conspiracy,
post-0838,Hitler was right about one thing. He identified the enemy clearly. We should have the courage to do the same. 👀,user_1d765f,telegram,2025-03-15T06:44:00Z,4,hostile,0.9485,Hostile,"Calling for, aiding, or justifying the killing or harming of Jews; Mendacious, dehumanizing, demonizing, or stereotypical allegations about Jews",Jewish conspiracy,Germany
post-0839,"When the revolution comes, the bankers will be the first ones up against the wall. You know who they are.",user_dfe6e1,telegram,2025-11-06T18:28:00Z,4,hostile,0.9868,Hostile,"Calling for, aiding, or justifying the killing or harming of Jews",bank control,
post-0840,Jewish lawyers dominate the legal system specifically to protect Jewish criminals from prosecution.,user_3804f0,telegram,2025-03-17T09:10:00Z,3,explicit,0.8493,Hostile,"Mendacious, dehumanizing, demonizing, or stereotypical allegations about Jews; Accusing Jews as a people of being responsible for real or imagined wrongdoing",Jewish conspiracy,
post-0841,Jewish students deserve to feel safe on campus. Universities must do more to combat antisemitism. 📢,user_39e45a,telegram,2025-12-13T01:24:00Z,0,clean,0.0859,Neutral,,antisemitism,
post-0842,The apartheid state of Israel is maintained by Jewish donors worldwide. They all share responsibility. ‼️,user_1b000a,telegram,2025-04-25T16:38:00Z,2,coded,0.6322,Hostile,Holding Jews collectively responsible for actions of the State of Israel,Zionist,Israel
post-0843,Israeli scientists have published a major breakthrough in Alzheimer's research. Great news for patients worldwide. 👀,user_c73f1c,telegram,2025-03-31T23:33:00Z,0,clean,0.1597,Supportive,,,Israel
post-0844,LEAKED: Mossad operatives were behind the Nord Stream pipeline bombing. German intelligence has the proof. 🔥,user_f36c09,telegram,2025-10-21T03:34:00Z,4,hostile,0.9833,Hostile,Accusing Jews as a people of being responsible for real or imagined wrongdoing,Jewish conspiracy,Germany
post-0845,American politicians putting Israel's interests ahead of American ones. When does that become a problem?,user_748a5c,telegram,2025-09-16T06:49:00Z,1,subtle,0.3092,Negative,,dual loyalty,United States
post-0846,Climate change summit opens this week. Leaders need to stop talking and start acting.,user_2b45d3,telegram,2025-08-21T00:14:00Z,0,clean,0.1309,Negative,,,
post-0847,Western Jews lobbying for more weapons to Israel while condemning civilian deaths — hypocrisy on a historic scale.,user_cde713,telegram,2025-05-06T12:00:00Z,2,coded,0.5838,Negative,Holding Jews collectively responsible for actions of the State of Israel,Zionist,
post-0848,A Jew will smile at your face and stab you in the back. This is their nature — documented throughout history.!!,user_3e496b,telegram,2025-09-02T17:00:00Z,3,explicit,0.7735,Hostile,"Mendacious, dehumanizing, demonizing, or stereotypical allegations about Jews",Jewish conspiracy,
post-0849,Burn every Jewish institution that funds the Zionist statei apartheid. Start with the ones in your own city.,user_00448e,telegram,2025-12-23T14:39:00Z,4,hostile,0.9377,Hostile,"Calling for, aiding, or justifying the killing or harming of Jews",synagogue; Jewish conspiracy,
post-0850,The Zionist lobby has America by the throat. It's not a conspiracy — it's just money and power. — wake up!,user_d77087,telegram,2025-09-01T17:05:00Z,2,coded,0.6475,Hostile,Accusing Jews as a people of being responsible for real or imagined wrongdoing,Zionist; bank control,United States
post-0851,"Stabbing a rabbi in the street is a political act, not a hate crime. Know the difference.",user_af5d59,telegram,2025-04-01T22:55:00Z,4,hostile,0.9025,Hostile,"Calling for, aiding, or justifying the killing or harming of Jews",Jewish conspiracy,
post-0852,"Klaus Schwab, Bill Gates, George Soros — the 'Great Reset' crowd. Look at who funds them. Same people every time. 🔥",user_7b24ab,telegram,2025-03-03T10:10:00Z,2,coded,0.568,Hostile,Accusing Jews as a people of being responsible for real or imagined wrongdoing,Jewish conspiracy; globalists,
post-0853,Every Israeli settler killed on October 7th was a colonizer. Not a civilian. Not a victim.,user_96bcff,telegram,2025-05-02T19:28:00Z,4,hostile,0.8895,Hostile,"Calling for, aiding, or justifying the killing or harming of Jews; Holding Jews collectively responsible for actions of the State of Israel",October 7th; Zionist,Israel
post-0854,"The attack on the Nova festival targeted oppressors dancing on occupied land. This is context, not justification. 🤔",user_a702fa,telegram,2025-06-08T06:54:00Z,4,hostile,0.9661,Hostile,"Calling for, aiding, or justifying the killing or harming of Jews",October 7th,Israel
post-0855,Local election results are in. Turnout was low as expected. We need to do better. — wake up!,user_2a078b,telegram,2025-08-16T13:44:00Z,0,clean,0.1783,Neutral,,,
post-0856,Western Jews lobbying for more weapons to Israel while condemning civilian deaths — hypocrisy on a historic scale.,user_cde713,telegram,2025-10-06T08:24:00Z,2,coded,0.6689,Negative,Holding Jews collectively responsible for actions of the State of Israel,Zionist,
post-0857,Ethnic cleansing works both ways. Palestinians should practice what they preach — starting now. 📢,user_f94c8a,telegram,2025-03-27T02:38:00Z,4,hostile,0.9489,Hostile,"Calling for, aiding, or justifying the killing or harming of Jews",,Israel
post-0858,Western Jews lobbying for more weapons to Israel while condemning civilian deaths — hypocrisy on a historic scale. 🤔,user_a8ad5e,telegram,2025-07-22T18:44:00Z,2,coded,0.5563,Negative,Holding Jews collectively responsible for actions of the State of Israel,Zionist,
post-0859,Jewish NGOs are deliberately funding mass migration into Europe to replace the native population. — wake up!,user_9ffd03,telegram,2025-08-08T04:37:00Z,3,explicit,0.7003,Hostile,Accusing Jews as a people of being responsible for real or imagined wrongdoing,Jewish conspiracy; globalists,Germany
post-0860,There were no gas chambers at Auschwitz. This has been proven by multiple engineers and chemists.,user_e91147,telegram,2025-08-21T20:36:00Z,3,explicit,0.863,Hostile,"Denying the fact, scope, mechanisms, or intentionality of the Holocaust",Holocaust,Poland
post-0861,Beautiful sunrise this morning. Took a long walk by the river. Sometimes you just need that. 📢,user_4b894a,telegram,2025-07-27T00:52:00Z,0,clean,0.1949,Supportive,,,
post-0862,The Holocaust is the biggest lie of the 20th century. Six million Jews did not die — the Red Cross documented far fewer.,user_9ec453,telegram,2025-12-28T00:40:00Z,3,explicit,0.7416,Hostile,"Denying the fact, scope, mechanisms, or intentionality of the Holocaust; Accusing the Jews as a people, or Israel as a state, of inventing or exaggerating the Holocaust",Holocaust,
post-0863,They own the entertainment industry and use it to normalize moral decay — this is a deliberate agenda. ‼️,user_2dd567,telegram,2025-03-13T22:10:00Z,3,explicit,0.8239,Hostile,Accusing Jews as a people of being responsible for real or imagined wrongdoing,Jewish conspiracy; media control,
post-0864,My team won the championship last night!! What a match. Still can't believe it 🏆 🔥,user_979ca7,telegram,2025-05-16T09:08:00Z,0,clean,0.0327,Supportive,,,
post-0865,Yom Kippur begins at sundown. An important day of reflection and atonement for Jewish communities worldwide. 🤔,user_e9bc31,telegram,2025-06-30T07:52:00Z,0,clean,0.162,Neutral,,,
post-0866,The Nazis failed because they were too merciful. We should not make the same mistake. 🔥,user_dcdc17,telegram,2025-10-21T12:27:00Z,4,hostile,0.9259,Hostile,"Calling for, aiding, or justifying the killing or harming of Jews; Mendacious, dehumanizing, demonizing, or stereotypical allegations about Jews",Jewish conspiracy,
post-0867,Anti-Zionism is not Jew-hatred. But holding every Jew responsible for Israel IS a form of anti-Zionism. And it's justified.,user_c64d01,telegram,2025-06-07T20:30:00Z,2,coded,0.6403,Hostile,Holding Jews collectively responsible for actions of the State of Israel,Zionist; antisemitism,
post-0868,George Soros funds organizations in over 100 countries. Why does one man have so much global influence?,user_9bcd1a,telegram,2025-12-27T09:15:00Z,1,subtle,0.3515,Hostile,,globalists,United States
post-0869,The Frankfurt School was a Jewish intellectual project to destroy Western Christian civilization from within. — wake up!,user_edcf93,telegram,2025-10-13T16:22:00Z,3,explicit,0.7485,Hostile,"Mendacious, dehumanizing, demonizing, or stereotypical allegations about Jews; Accusing Jews as a people of being responsible for real or imagined wrongdoing",Jewish conspiracy,Germany
post-0870,Hollywood has made the Holocaust its permanent focus. Almost as if some people profit from keeping the guilt alive.!!,user_67ae6c,telegram,2025-08-01T12:09:00Z,2,coded,0.5597,Hostile,"Accusing the Jews as a people, or Israel as a state, of inventing or exaggerating the Holocaust",Holocaust,United States
post-0871,George Soros funds organizations in over 100 countries. Why does one man have so much global influence? — wake up!,user_2c3d15,telegram,2025-07-22T18:53:00Z,1,subtle,0.287,Hostile,,globalists,United States
post-0872,Jewish historians exaggerated Holocaust numbers to justify the creation of Israel. It's a founding myth. 🔥,user_ed5add,telegram,2025-03-25T09:13:00Z,3,explicit,0.6988,Hostile,"Denying the fact, scope, mechanisms, or intentionality of the Holocaust; Accusing the Jews as a people, or Israel as a state, of inventing or exaggerating the Holocaust",Holocaust,Israel
post-0873,I'm not antisemitic but why do Jewish people make up such a small percentage of the population yet dominate so many industries?,user_21b336,telegram,2025-08-11T16:26:00Z,1,subtle,0.2339,Negative,"Mendacious, dehumanizing, demonizing, or stereotypical allegations about Jews",Jewish conspiracy,
post-0874,Zionism is to Judaism what Nazism is to Germany — an extremist political movement hiding behind identity.,user_9d06e8,telegram,2025-03-25T16:47:00Z,2,coded,0.5465,Hostile,Drawing comparisons of contemporary Israeli policy to that of the Nazis,Zionist,
post-0875,Every major war in the last 200 years was engineered by Jewish bankers to profit from both sides. — wake up!,user_740f61,telegram,2025-07-13T20:08:00Z,3,explicit,0.6931,Hostile,"Mendacious, dehumanizing, demonizing, or stereotypical allegations about Jews; Accusing Jews as a people of being responsible for real or imagined wrongdoing",Jewish conspiracy; bank control,
post-0876,Jewish academics have infiltrated universities to promote degeneracy and erase Western culture. — wake up!,user_d0e37c,telegram,2025-08-23T04:47:00Z,3,explicit,0.7923,Hostile,"Mendacious, dehumanizing, demonizing, or stereotypical allegations about Jews; Accusing Jews as a people of being responsible for real or imagined wrongdoing",Jewish conspiracy,
post-0877,Israel's Magen David Adom volunteers continue providing aid across disaster zones worldwide. Proud of this work. — share this!,user_126fb3,telegram,2025-11-21T08:05:00Z,0,clean,0.0541,Supportive,,,Israel
post-0878,"I love Jewish culture and people, but Israel's actions make it hard to distinguish between Israeli policy and broader Jewish influence.",user_989178,telegram,2025-01-09T15:13:00Z,1,subtle,0.3885,Neutral,Holding Jews collectively responsible for actions of the State of Israel,,Israel
post-0879,Israel's drip-irrigation technology is helping farmers across Africa and Asia grow food with minimal water. Remarkable innovation. 👀,user_ee3077,telegram,2025-06-16T03:16:00Z,0,clean,0.1034,Supportive,,,Israel
post-0880,Hollywood and the major news networks all seem to push the same narrative. Ever wonder why? 🔥,user_cfe850,telegram,2025-03-19T08:13:00Z,1,subtle,0.235,Hostile,,media control,
post-0881,Jewish organizations are the biggest funders of mass immigration into Europe. This is not a theory — look at the tax filings. 🔥,user_444e9e,telegram,2025-03-18T09:39:00Z,2,coded,0.5647,Hostile,Accusing Jews as a people of being responsible for real or imagined wrongdoing,Jewish conspiracy; globalists,Germany
post-0882,Proud to stand with the Jewish community at today's solidarity rally. Hate has no place here.,user_c9908c,telegram,2025-05-24T09:44:00Z,0,clean,0.1896,Supportive,,antisemitism,
post-0883,Every major color revolution in the last 20 years traces back to the same NGO networks. Follow the funding. — share this!,user_bfa1cd,telegram,2025-08-14T22:16:00Z,2,coded,0.4885,Hostile,Accusing Jews as a people of being responsible for real or imagined wrongdoing,Jewish conspiracy; globalists,
post-0884,Chag Sameach! Wishing everyone a joyful and meaningful Passover. May the story of freedom inspire us all. — wake up!,user_914785,telegram,2025-02-04T23:28:00Z,0,clean,0.0557,Supportive,,,
post-0885,Zionism is to Judaism what Nazism is to Germany — an extremist political movement hiding behind identity. 👀,user_4b9e94,telegram,2025-02-15T15:22:00Z,2,coded,0.5438,Hostile,Drawing comparisons of contemporary Israeli policy to that of the Nazis,Zionist,
post-0886,Antisemitic incidents have risen sharply this year. This is unacceptable and we all must speak out.!!,user_54d5ec,telegram,2025-12-02T10:11:00Z,0,clean,0.056,Negative,,antisemitism,
post-0887,Question: why does every Western country prioritize Israel's security over the welfare of its own citizens? 🔥,user_7fb9d4,telegram,2025-11-21T16:50:00Z,1,subtle,0.2918,Negative,,dual loyalty,
post-0888,American Jews donate to Israeli defense funds while living safely in the US. Their true loyalty is clear. — share this!,user_7d3089,telegram,2025-09-01T02:35:00Z,2,coded,0.5137,Hostile,Accusing Jewish citizens of dual loyalty,dual loyalty,United States
post-0889,A congressman with dual citizenship voting on military aid to the country he holds citizenship in. That's fine?,user_b817af,telegram,2025-02-19T00:58:00Z,1,subtle,0.2929,Negative,Accusing Jewish citizens of dual loyalty,dual loyalty,
post-0890,Hamas did in one day what decades of diplomacy could not. That deserves respect. 🔥,user_b6dea2,telegram,2025-01-17T16:26:00Z,4,hostile,0.9146,Hostile,"Calling for, aiding, or justifying the killing or harming of Jews",October 7th,Israel
post-0891,Zionism is to Judaism what Nazism is to Germany — an extremist political movement hiding behind identity.,user_9d06e8,telegram,2025-02-17T18:38:00Z,2,coded,0.4943,Hostile,Drawing comparisons of contemporary Israeli policy to that of the Nazis,Zionist,
post-0892,It's just a coincidence that the loudest voices for censorship are the ones who'd benefit most from it.,user_89f27c,telegram,2025-03-13T23:20:00Z,1,subtle,0.2607,Neutral,,Jewish conspiracy,
post-0893,"Jews are parasites who feed on host nations until there is nothing left, then move on. History confirms this. — share this!",user_6209a9,telegram,2025-09-08T07:28:00Z,3,explicit,0.8079,Hostile,"Mendacious, dehumanizing, demonizing, or stereotypical allegations about Jews",Jewish conspiracy,
post-0894,Yom Kippur begins at sundown. An important day of reflection and atonement for Jewish communities worldwide. 📢,user_e47d62,telegram,2025-05-23T13:37:00Z,0,clean,0.1408,Neutral,,,
post-0895,The Holocaust was Allied war propaganda to justify the destruction of Germany. The real victims were Germans. 🔥,user_85af16,telegram,2025-09-08T01:06:00Z,3,explicit,0.8272,Hostile,"Denying the fact, scope, mechanisms, or intentionality of the Holocaust; Accusing the Jews as a people, or Israel as a state, of inventing or exaggerating the Holocaust",Holocaust,Germany
post-0896,"9/11 benefited a very specific set of people. Those people had advance knowledge. This is documented, not conspiracy. — share this!",user_82ac36,telegram,2026-01-01T09:32:00Z,2,coded,0.555,Hostile,Accusing Jews as a people of being responsible for real or imagined wrongdoing,Jewish conspiracy,United States
post-0897,"I don't hate anyone, but I do think certain communities prioritize their own interests over national ones — and that needs discussion. 🤔",user_314789,telegram,2025-06-27T06:04:00Z,1,subtle,0.23,Neutral,Accusing Jewish citizens of dual loyalty,,
post-0898,Reporting a wave of antisemitic messages on this platform. Please report and block these accounts.!!,user_192110,telegram,2025-05-16T18:39:00Z,0,clean,0.1098,Neutral,,antisemitism,
post-0899,"The Talmud literally instructs Jews to cheat, lie to, and exploit non-Jews. This is their sacred text. — share this!",user_c0b776,telegram,2025-07-27T10:05:00Z,3,explicit,0.7963,Hostile,"Mendacious, dehumanizing, demonizing, or stereotypical allegations about Jews",Jewish conspiracy,
post-0900,The Frankfurt School was a Jewish intellectual project to destroy Western Christian civilization from within.,user_b79ee7,telegram,2025-08-01T01:50:00Z,3,explicit,0.8234,Hostile,"Mendacious, dehumanizing, demonizing, or stereotypical allegations about Jews; Accusing Jews as a people of being responsible for real or imagined wrongdoing",Jewish conspiracy,Germany
post-0901,PROOF: The October 7th attack was a false flag staged by Mossad to justify the invasion of Gaza. 👀,user_f867b9,telegram,2025-01-20T04:08:00Z,4,hostile,0.9322,Hostile,"Accusing Jews as a people of being responsible for real or imagined wrongdoing; Accusing the Jews as a people, or Israel as a state, of inventing or exaggerating the Holocaust",October 7th; Jewish conspiracy,Israel
post-0902,"Not a hateful person, but when the same group appears at the top of media, finance, and politics, you have to ask why.",user_6483de,telegram,2025-10-28T12:48:00Z,1,subtle,0.4315,Hostile,"Mendacious, dehumanizing, demonizing, or stereotypical allegations about Jews",media control; bank control,
post-0903,The last surviving Nuremberg prosecutor has died at 103. A life devoted to justice. Rest in peace.!!,user_319ceb,telegram,2025-03-07T00:37:00Z,0,clean,0.194,Neutral,,Holocaust,United States
post-0904,The Zionist lobby has America by the throat. It's not a conspiracy — it's just money and power. — share this!,user_904a15,telegram,2025-09-27T19:04:00Z,2,coded,0.5011,Hostile,Accusing Jews as a people of being responsible for real or imagined wrongdoing,Zionist; bank control,United States
post-0905,Jewish students deserve to feel safe on campus. Universities must do more to combat antisemitism. ‼️,user_ba4f99,telegram,2025-07-04T02:18:00Z,0,clean,0.0948,Neutral,,antisemitism,
post-0906,Zionism is a racist ideology. Jewish people who support it are complicit in ethnic cleansing. ‼️,user_eef506,telegram,2025-09-01T16:57:00Z,2,coded,0.5251,Hostile,Holding Jews collectively responsible for actions of the State of Israel,Zionist; antisemitism,Israel
post-0907,Zionism is a racist ideology. Jewish people who support it are complicit in ethnic cleansing. 🔥,user_483b77,telegram,2025-07-12T01:41:00Z,2,coded,0.6636,Hostile,Holding Jews collectively responsible for actions of the State of Israel,Zionist; antisemitism,Israel
post-0908,A congressman with dual citizenship voting on military aid to the country he holds citizenship in. That's fine? 🤔,user_0fb0e9,telegram,2025-07-31T17:17:00Z,1,subtle,0.3347,Negative,Accusing Jewish citizens of dual loyalty,dual loyalty,
post-0909,The Frankfurt School was a Jewish intellectual project to destroy Western Christian civilization from within. — share this!,user_70a1ce,telegram,2025-03-31T22:07:00Z,3,explicit,0.8104,Hostile,"Mendacious, dehumanizing, demonizing, or stereotypical allegations about Jews; Accusing Jews as a people of being responsible for real or imagined wrongdoing",Jewish conspiracy,Germany
post-0910,Why does the mainstream media never critically cover Israel the way it covers other countries? Genuinely asking.,user_a143a2,telegram,2025-02-21T21:21:00Z,1,subtle,0.2712,Negative,,media control,
post-0911,Proud to stand with the Jewish community at today's solidarity rally. Hate has no place here. 🔥,user_330564,telegram,2025-03-31T11:42:00Z,0,clean,0.0726,Supportive,,antisemitism,
post-0912,The only solution to the Jewish problem is the same one that has been tried many times throughout history. — share this!,user_d03700,telegram,2025-01-10T19:43:00Z,4,hostile,0.9619,Hostile,"Calling for, aiding, or justifying the killing or harming of Jews",Jewish conspiracy,
post-0913,American Jews donate to Israeli defense funds while living safely in the US. Their true loyalty is clear. 🔥,user_b53953,telegram,2025-03-04T01:22:00Z,2,coded,0.5397,Hostile,Accusing Jewish citizens of dual loyalty,dual loyalty,United States
post-0914,Zionism is a racist ideology. Jewish people who support it are complicit in ethnic cleansing.,user_51107a,telegram,2025-07-22T23:01:00Z,2,coded,0.589,Hostile,Holding Jews collectively responsible for actions of the State of Israel,Zionist; antisemitism,Israel
post-0915,What a coincidence that the biggest media donors all seem to have the same political interests in the Middle East. 🔥,user_d23f9b,telegram,2025-06-27T04:42:00Z,1,subtle,0.329,Neutral,,media control; dual loyalty,
post-0916,Tel Aviv ranked among the top tech startup ecosystems in the world again this year. 🇮🇱 — wake up!,user_5cad2e,telegram,2025-04-28T07:05:00Z,0,clean,0.0789,Supportive,,,Israel
post-0917,Jewish organizations are the biggest funders of mass immigration into Europe. This is not a theory — look at the tax filings. 👀,user_06d95d,telegram,2025-02-08T08:04:00Z,2,coded,0.5292,Hostile,Accusing Jews as a people of being responsible for real or imagined wrongdoing,Jewish conspiracy; globalists,Germany
post-0918,The new AI tools coming out this year are genuinely impressive. Exciting and slightly terrifying. 🤔,user_9fc25e,telegram,2025-11-03T09:56:00Z,0,clean,0.1044,Neutral,,,
post-0919,Film recommendation: incredible documentary about ocean conservation. Everyone should watch. 📢,user_ba7d4b,telegram,2025-12-26T22:17:00Z,0,clean,0.0862,Supportive,,,
post-0920,"Jewish communities in the West cheer on Israeli airstrikes. Collective enthusiasm, collective responsibility. 📢",user_e28737,telegram,2025-07-03T23:34:00Z,2,coded,0.6286,Hostile,Holding Jews collectively responsible for actions of the State of Israel,,
post-0921,Six million is a very round number. Historians debate the actual toll — why is that discussion forbidden? — share this!,user_58355f,telegram,2025-02-19T00:08:00Z,2,coded,0.4961,Hostile,"Denying the fact, scope, mechanisms, or intentionality of the Holocaust; Accusing the Jews as a people, or Israel as a state, of inventing or exaggerating the Holocaust",Holocaust,
post-0922,The think tanks shaping foreign policy — look at who funds them. You'll see a pattern. 🤔,user_eaed0b,telegram,2025-04-23T02:04:00Z,1,subtle,0.3996,Hostile,,Jewish conspiracy; bank control,
post-0923,Finishing what Hitler started is not hate speech — it is a political position held by millions. ‼️,user_12a181,telegram,2025-08-22T09:56:00Z,4,hostile,0.892,Hostile,"Calling for, aiding, or justifying the killing or harming of Jews; Mendacious, dehumanizing, demonizing, or stereotypical allegations about Jews",Jewish conspiracy,
post-0924,Finishing what Hitler started is not hate speech — it is a political position held by millions. 👀,user_98a274,telegram,2025-12-01T19:02:00Z,4,hostile,0.8963,Hostile,"Calling for, aiding, or justifying the killing or harming of Jews; Mendacious, dehumanizing, demonizing, or stereotypical allegations about Jews",Jewish conspiracy,
post-0925,Jewish NGOs are deliberately funding mass migration into Europe to replace the native population. 🤔,user_a39ce0,telegram,2025-03-04T19:55:00Z,3,explicit,0.6838,Hostile,Accusing Jews as a people of being responsible for real or imagined wrongdoing,Jewish conspiracy; globalists,Germany
post-0926,Why do we allow foreign lobbies to dictate our domestic policy? AIPAC spends more than any other foreign lobby. — share this!,user_196155,telegram,2025-07-13T20:05:00Z,1,subtle,0.4113,Negative,Accusing Jewish citizens of dual loyalty,dual loyalty,United States
post-0927,October 7th was a response to 75 years of occupation. You cannot condemn resistance without condemning the occupation first.!!,user_592471,telegram,2025-09-07T15:04:00Z,3,explicit,0.7216,Hostile,,October 7th,Israel
post-0928,Every synagogue in Europe should be shut down. They are command centres for a fifth column. 📢,user_1952cd,telegram,2025-07-01T10:09:00Z,4,hostile,0.9165,Hostile,"Calling for, aiding, or justifying the killing or harming of Jews",synagogue; Jewish conspiracy,Germany
post-0929,Klezmer music is so joyful and moving. Attended a live performance last night — incredible. ‼️,user_76bec5,telegram,2025-11-17T04:37:00Z,0,clean,0.0515,Supportive,,,
post-0930,Jewish journalists who push war propaganda are legitimate military targets. They are combatants. ‼️,user_1433dd,telegram,2025-04-14T10:28:00Z,4,hostile,0.8841,Hostile,"Calling for, aiding, or justifying the killing or harming of Jews",media control,
post-0931,Loyalty to a foreign state should disqualify you from public office. That applies to everyone — no exceptions. 📢,user_374039,telegram,2025-06-20T17:58:00Z,1,subtle,0.4113,Negative,Accusing Jewish citizens of dual loyalty,dual loyalty,
post-0932,I'm not antisemitic but why do Jewish people make up such a small percentage of the population yet dominate so many industries? 🔥,user_dfeab8,telegram,2025-11-14T20:09:00Z,1,subtle,0.3353,Negative,"Mendacious, dehumanizing, demonizing, or stereotypical allegations about Jews",Jewish conspiracy,
post-0933,Every synagogue in Europe should be shut down. They are command centres for a fifth column.,user_934973,telegram,2025-12-14T18:35:00Z,4,hostile,0.9421,Hostile,"Calling for, aiding, or justifying the killing or harming of Jews",synagogue; Jewish conspiracy,Germany
post-0934,PROOF: The October 7th attack was a false flag staged by Mossad to justify the invasion of Gaza.,user_bdb68b,telegram,2025-03-05T10:07:00Z,4,hostile,0.898,Hostile,"Accusing Jews as a people of being responsible for real or imagined wrongdoing; Accusing the Jews as a people, or Israel as a state, of inventing or exaggerating the Holocaust",October 7th; Jewish conspiracy,Israel
post-0935,Death to Israel and all who fund it. This is not a threat — it is a prayer. — share this!,user_af4093,telegram,2025-03-22T18:04:00Z,4,hostile,0.9421,Hostile,"Calling for, aiding, or justifying the killing or harming of Jews",Zionist,Israel
post-0936,Today is International Holocaust Remembrance Day. Never forget the six million Jewish lives lost. #NeverAgain — share this!,user_c0f114,telegram,2025-07-24T01:23:00Z,0,clean,0.1446,Neutral,,Holocaust; antisemitism,
post-0937,Antisemitic incidents have risen sharply this year. This is unacceptable and we all must speak out. ‼️,user_f977a9,telegram,2025-12-09T19:04:00Z,0,clean,0.125,Negative,,antisemitism,
post-0938,Traffic in the city this morning was a nightmare. Took two hours for what's normally 30 minutes.,user_a36b37,telegram,2025-02-10T20:55:00Z,0,clean,0.0981,Negative,,,
post-0939,Jewish journalists write about Jew-hatred constantly but never about Jewish power in media. Conflict of interest?,user_99f218,telegram,2025-08-25T11:51:00Z,2,coded,0.5275,Negative,Accusing Jewish citizens of dual loyalty,media control,
post-0940,"Stabbing a rabbi in the street is a political act, not a hate crime. Know the difference. — share this!",user_3a00a1,telegram,2025-04-10T08:07:00Z,4,hostile,0.912,Hostile,"Calling for, aiding, or justifying the killing or harming of Jews",Jewish conspiracy,
post-0941,Displaying the Star of David alongside the Nazi swastika is the most accurate map of Israeli foreign policy. — wake up!,user_5aacd4,telegram,2025-08-05T23:34:00Z,3,explicit,0.7799,Hostile,Using symbols and images associated with classic antisemitism to characterize Israel or Israelis,Zionist,Israel
post-0942,"Judaism is not a religion, it's a supremacist ideology disguised as religion. Jewish people are trained from birth to believe they are chosen above all others. — share this!",user_2ff092,telegram,2025-06-11T21:23:00Z,3,explicit,0.719,Hostile,"Mendacious, dehumanizing, demonizing, or stereotypical allegations about Jews",Jewish conspiracy,
post-0943,Ask yourself: why is Shoah denial illegal? Because the story can't survive scrutiny. That's why.,user_9ed756,telegram,2025-03-21T02:36:00Z,3,explicit,0.8118,Hostile,"Denying the fact, scope, mechanisms, or intentionality of the Holocaust; Accusing the Jews as a people, or Israel as a state, of inventing or exaggerating the Holocaust",Holocaust,
post-0944,"Judaism is not a religion, it's a supremacist ideology disguised as religion. Jewish people are trained from birth to believe they are chosen above all others.",user_0ea11c,telegram,2025-11-20T00:02:00Z,3,explicit,0.7106,Hostile,"Mendacious, dehumanizing, demonizing, or stereotypical allegations about Jews",Jewish conspiracy,
post-0945,"Not saying who, but a certain tiny group of people owns a disproportionate amount of our media. 🤔",user_c874da,telegram,2025-07-09T03:14:00Z,1,subtle,0.4269,Hostile,,media control,
post-0946,Every major color revolution in the last 20 years traces back to the same NGO networks. Follow the funding. 🤔,user_23e957,telegram,2025-08-12T05:08:00Z,2,coded,0.5879,Hostile,Accusing Jews as a people of being responsible for real or imagined wrongdoing,Jewish conspiracy; globalists,
post-0947,Climate change summit opens this week. Leaders need to stop talking and start acting. 👀,user_a34c8b,telegram,2025-06-21T01:48:00Z,0,clean,0.1123,Negative,,,
post-0948,Jewish Zionists have infected Western institutions. Their goal is to silence all criticism of Israel. 🔥,user_e1f67a,telegram,2025-03-31T08:25:00Z,2,coded,0.6358,Hostile,Accusing Jews as a people of being responsible for real or imagined wrongdoing,Zionist,
post-0949,The Rothschild family controls every central bank on earth and has engineered every major financial crisis since 1815. 👀,user_a8d4f7,telegram,2025-09-15T11:05:00Z,3,explicit,0.8289,Hostile,"Mendacious, dehumanizing, demonizing, or stereotypical allegations about Jews; Accusing Jews as a people of being responsible for real or imagined wrongdoing",Jewish conspiracy; bank control,
post-0950,Armed resistance against Zionist occupation is not terrorism — it is a sacred duty for every free person. — wake up!,user_289b00,telegram,2025-01-19T10:49:00Z,4,hostile,0.9196,Hostile,"Calling for, aiding, or justifying the killing or harming of Jews",Zionist,Israel
post-0951,The Holocaust is the biggest lie of the 20th century. Six million Jews did not die — the Red Cross documented far fewer. 👀,user_e9cec6,telegram,2025-01-12T12:46:00Z,3,explicit,0.7149,Hostile,"Denying the fact, scope, mechanisms, or intentionality of the Holocaust; Accusing the Jews as a people, or Israel as a state, of inventing or exaggerating the Holocaust",Holocaust,
post-0952,The Jewish lobby controls the US Congress. Every major military intervention since 1990 was done for Israel. — share this!,user_2cc5c8,telegram,2025-12-25T01:11:00Z,3,explicit,0.7645,Hostile,Accusing Jews as a people of being responsible for real or imagined wrongdoing,Jewish conspiracy; dual loyalty,United States
post-0953,Just finished a 5km run for the first time. Legs are dead but feeling great 🏃 📢,user_e7ed60,telegram,2025-08-01T18:59:00Z,0,clean,0.1643,Supportive,,,
post-0954,My grandmother survived Auschwitz. She passed last year at 96. Her testimony will live on forever. #HolocaustRemembrance 📢,user_1b6eeb,telegram,2025-05-27T15:38:00Z,0,clean,0.1144,Neutral,,Holocaust,Poland
post-0955,Every major color revolution in the last 20 years traces back to the same NGO networks. Follow the funding. 🔥,user_441e24,telegram,2025-10-26T11:59:00Z,2,coded,0.5877,Hostile,Accusing Jews as a people of being responsible for real or imagined wrongdoing,Jewish conspiracy; globalists,
post-0956,The IDF's behavior in civilian areas is indistinguishable from Nazi military doctrine. History repeating itself. — share this!,user_75901d,telegram,2025-04-21T18:09:00Z,2,coded,0.5946,Hostile,Drawing comparisons of contemporary Israeli policy to that of the Nazis,Holocaust; Zionist,Israel
post-0957,Jewish billionaires funded Black Lives Matter to pit Americans against each other and prevent white unity. 🤔,user_e9262a,telegram,2025-09-19T16:25:00Z,3,explicit,0.7147,Hostile,Accusing Jews as a people of being responsible for real or imagined wrongdoing,Jewish conspiracy; globalists,United States
post-0958,The Protocols of the Elders of Zion is not a forgery — it's a blueprint that has been executed with precision. 🔥,user_dccca0,telegram,2025-12-16T14:31:00Z,3,explicit,0.86,Hostile,"Mendacious, dehumanizing, demonizing, or stereotypical allegations about Jews; Accusing Jews as a people of being responsible for real or imagined wrongdoing",Jewish conspiracy,
post-0959,Every Israeli civilian is a soldier. There are no innocent Zionists. None. 🤔,user_636e25,telegram,2025-03-10T11:44:00Z,4,hostile,0.9122,Hostile,"Calling for, aiding, or justifying the killing or harming of Jews; Holding Jews collectively responsible for actions of the State of Israel",Zionist; October 7th,Israel
post-0960,Chag Sameach! Wishing everyone a joyful and meaningful Passover. May the story of freedom inspire us all.,user_fc4032,telegram,2025-12-04T01:29:00Z,0,clean,0.198,Supportive,,,
post-0961,Jewish politicians in Germany consistently vote for Israel's interests over Germany's. This is dual loyalty — call it what it is. — wake up!,user_59a9cf,telegram,2025-09-06T06:01:00Z,2,coded,0.6672,Hostile,Accusing Jewish citizens of dual loyalty,dual loyalty,Germany
post-0962,The Rothschild family controls every central bank on earth and has engineered every major financial crisis since 1815. — wake up!,user_01d903,telegram,2025-05-26T22:40:00Z,3,explicit,0.7236,Hostile,"Mendacious, dehumanizing, demonizing, or stereotypical allegations about Jews; Accusing Jews as a people of being responsible for real or imagined wrongdoing",Jewish conspiracy; bank control,
post-0963,Zyklon B was a delousing agent. The idea it was used for mass murder is physically and logistically impossible.,user_e32724,telegram,2025-05-16T02:34:00Z,3,explicit,0.8376,Hostile,"Denying the fact, scope, mechanisms, or intentionality of the Holocaust",Holocaust,
post-0964,The Protocols of the Elders of Zion is not a forgery — it's a blueprint that has been executed with precision.,user_f85a80,telegram,2025-11-13T19:09:00Z,3,explicit,0.8386,Hostile,"Mendacious, dehumanizing, demonizing, or stereotypical allegations about Jews; Accusing Jews as a people of being responsible for real or imagined wrongdoing",Jewish conspiracy,
post-0965,"Israel is a settler-colonial project no different from apartheid South Africa — but worse, because it has nuclear weapons. — wake up!",user_d5f1af,telegram,2025-05-23T05:25:00Z,3,explicit,0.7495,Hostile,Applying double standards to Israel not expected of any other democratic nation; Drawing comparisons of contemporary Israeli policy to that of the Nazis,Zionist,Israel
post-0966,The last surviving Nuremberg prosecutor has died at 103. A life devoted to justice. Rest in peace.,user_dec643,telegram,2025-11-04T17:22:00Z,0,clean,0.1946,Neutral,,Holocaust,United States
post-0967,Jewish academics have infiltrated universities to promote degeneracy and erase Western culture. 📢,user_d4856e,telegram,2025-06-07T19:26:00Z,3,explicit,0.697,Hostile,"Mendacious, dehumanizing, demonizing, or stereotypical allegations about Jews; Accusing Jews as a people of being responsible for real or imagined wrongdoing",Jewish conspiracy,
post-0968,American politicians putting the Zionist state's interests ahead of American ones. When does that become a problem?,user_c2312f,telegram,2025-06-28T11:11:00Z,1,subtle,0.3638,Negative,,dual loyalty,United States
post-0969,"I love Jewish culture and people, but Israel's actions make it hard to distinguish between Israeli policy and broader Jewish influence. 🔥",user_284e9f,telegram,2025-11-07T19:26:00Z,1,subtle,0.3201,Neutral,Holding Jews collectively responsible for actions of the State of Israel,,Israel
post-0970,Why do the globalists always push for open borders? Who benefits from this chaos? Just asking. — share this!,user_8029b4,telegram,2025-01-31T01:26:00Z,1,subtle,0.3973,Hostile,,globalists,
post-0971,Six million is a very round number. Historians debate the actual toll — why is that discussion forbidden?!!,user_a1a5ab,telegram,2025-03-30T05:56:00Z,2,coded,0.5764,Hostile,"Denying the fact, scope, mechanisms, or intentionality of the Holocaust; Accusing the Jews as a people, or Israel as a state, of inventing or exaggerating the Holocaust",Holocaust,
post-0972,The apartheid state of Israel is maintained by Jewish donors worldwide. They all share responsibility. 🤔,user_f37aee,telegram,2025-01-13T15:34:00Z,2,coded,0.6572,Hostile,Holding Jews collectively responsible for actions of the State of Israel,Zionist,Israel
post-0973,The Rothschild family controls every central bank on earth and has engineered every major financial crisis since 1815.!!,user_c69f4b,telegram,2025-03-09T03:34:00Z,3,explicit,0.7716,Hostile,"Mendacious, dehumanizing, demonizing, or stereotypical allegations about Jews; Accusing Jews as a people of being responsible for real or imagined wrongdoing",Jewish conspiracy; bank control,
post-0974,"Jews invented communism to destroy Christian civilization. Marx, Lenin, Trotsky — all Jewish. Look it up. 🤔",user_fbdf8d,telegram,2025-04-23T21:38:00Z,3,explicit,0.7715,Hostile,"Mendacious, dehumanizing, demonizing, or stereotypical allegations about Jews; Accusing Jews as a people of being responsible for real or imagined wrongdoing",Jewish conspiracy,
post-0975,"Stabbing a rabbi in the street is a political act, not a hate crime. Know the difference.!!",user_0a3dc0,telegram,2025-08-28T04:00:00Z,4,hostile,0.9098,Hostile,"Calling for, aiding, or justifying the killing or harming of Jews",Jewish conspiracy,
post-0976,Israel could not exist for a single day without Jewish financial networks propping it up globally. — wake up!,user_988c04,telegram,2025-04-03T10:31:00Z,2,coded,0.5401,Hostile,Accusing Jews as a people of being responsible for real or imagined wrongdoing,Zionist; bank control,Israel
post-0977,The IDF's behavior in civilian areas is indistinguishable from Nazi military doctrine. History repeating itself.,user_fd4075,telegram,2025-02-16T17:01:00Z,2,coded,0.6379,Hostile,Drawing comparisons of contemporary Israeli policy to that of the Nazis,Holocaust; Zionist,Israel
post-0978,BREAKING: Declassified documents confirm Israel knew about the 9/11 attacks 72 hours in advance and said nothing. ‼️,user_1b88d6,telegram,2025-12-24T01:08:00Z,4,hostile,0.9657,Hostile,Accusing Jews as a people of being responsible for real or imagined wrongdoing,Jewish conspiracy,United States
post-0979,"The media, the banks, and the pharmaceuticals are all controlled by the same networks. Connect the dots. — wake up!",user_a72927,telegram,2025-12-16T08:30:00Z,2,coded,0.5775,Hostile,Accusing Jews as a people of being responsible for real or imagined wrongdoing,media control; bank control,
post-0980,"Jews control the banks, the media, and the governments of the Western world. This is not a conspiracy — it's documented.",user_37ab11,telegram,2025-12-24T02:06:00Z,3,explicit,0.8209,Hostile,"Mendacious, dehumanizing, demonizing, or stereotypical allegations about Jews; Accusing Jews as a people of being responsible for real or imagined wrongdoing",Jewish conspiracy; media control; bank control,
post-0981,Beautiful sunrise this morning. Took a long walk by the river. Sometimes you just need that. 👀,user_821296,telegram,2025-01-16T09:30:00Z,0,clean,0.1079,Supportive,,,
post-0982,Just curious — why are most of the major investment banks run by people with the same background? — wake up!,user_1c4a7f,telegram,2025-03-18T15:12:00Z,1,subtle,0.2412,Negative,,bank control,
post-0983,American politicians putting Israel's interests ahead of American ones. When does that become a problem? — share this!,user_72b21b,telegram,2025-07-17T08:18:00Z,1,subtle,0.3926,Negative,,dual loyalty,United States
post-0984,Tel Aviv ranked among the top tech startup ecosystems in the world again this year. 🇮🇱 📢,user_e0c82f,telegram,2025-02-28T22:07:00Z,0,clean,0.0458,Supportive,,,Israel
post-0985,Celebrated Purim with my neighbors today. The costumes were amazing and the hamantaschen were delicious!!!,user_813925,telegram,2025-12-20T03:30:00Z,0,clean,0.0994,Supportive,,,
post-0986,I'm not antisemitic but why do Jewish people make up such a small percentage of the population yet dominate so many industries?,user_21b336,telegram,2025-03-13T04:14:00Z,1,subtle,0.2214,Negative,"Mendacious, dehumanizing, demonizing, or stereotypical allegations about Jews",Jewish conspiracy,
post-0987,Just visited a beautiful synagogue in Prague. The history and architecture are breathtaking. 📢,user_bbc46d,telegram,2025-12-02T12:04:00Z,0,clean,0.0545,Supportive,,synagogue,Czech Republic
post-0988,Every the Zionist statei civilian is a soldier. There are no innocent Zionists. None.,user_be34f3,telegram,2025-05-27T16:34:00Z,4,hostile,0.9021,Hostile,"Calling for, aiding, or justifying the killing or harming of Jews; Holding Jews collectively responsible for actions of the State of Israel",Zionist; October 7th,Israel
post-0989,Zyklon B was a delousing agent. The idea it was used for mass murder is physically and logistically impossible. 🤔,user_faff3b,telegram,2025-11-06T08:32:00Z,3,explicit,0.7716,Hostile,"Denying the fact, scope, mechanisms, or intentionality of the Holocaust",Holocaust,
post-0990,"When the revolution comes, the bankers will be the first ones up against the wall. You know who they are. ‼️",user_c4e732,telegram,2025-06-09T07:49:00Z,4,hostile,0.9262,Hostile,"Calling for, aiding, or justifying the killing or harming of Jews",bank control,
post-0991,Every Jew who stays silent about Gaza is personally complicit in genocide. Silence is collaboration. 👀,user_2db648,telegram,2025-03-04T08:03:00Z,2,coded,0.6308,Hostile,Holding Jews collectively responsible for actions of the State of Israel,Zionist,Israel
post-0992,Local election results are in. Turnout was low as expected. We need to do better. 🔥,user_a7036c,telegram,2025-08-07T07:35:00Z,0,clean,0.1203,Neutral,,,
post-0993,"Hanukkah starts tonight! Eight nights of light, family, and latkes. 🕯️🕯️",user_0e6a78,telegram,2025-01-27T03:47:00Z,0,clean,0.1771,Supportive,,,
post-0994,Reporting a wave of antisemitic messages on this platform. Please report and block these accounts.,user_a639d2,telegram,2025-11-10T07:06:00Z,0,clean,0.1356,Neutral,,antisemitism,
post-0995,"The media, the banks, and the pharmaceuticals are all controlled by the same networks. Connect the dots. 👀",user_ac1fae,telegram,2025-04-12T07:57:00Z,2,coded,0.6696,Hostile,Accusing Jews as a people of being responsible for real or imagined wrongdoing,media control; bank control,
post-0996,"9/11 benefited a very specific set of people. Those people had advance knowledge. This is documented, not conspiracy. 👀",user_3d9c7a,telegram,2025-01-02T21:05:00Z,2,coded,0.4904,Hostile,Accusing Jews as a people of being responsible for real or imagined wrongdoing,Jewish conspiracy,United States
post-0997,Another 'coincidence' — the politicians who voted for the bailout all received campaign donations from the same banks. 🤔,user_50cccf,telegram,2025-04-08T07:48:00Z,1,subtle,0.2541,Neutral,,bank control,
post-0998,Ethnic cleansing works both ways. Palestinians should practice what they preach — starting now.,user_51c713,telegram,2025-06-15T22:01:00Z,4,hostile,0.9232,Hostile,"Calling for, aiding, or justifying the killing or harming of Jews",,Israel
post-0999,"The media, the banks, and the pharmaceuticals are all controlled by the same networks. Connect the dots.",user_796ea4,telegram,2025-07-19T07:02:00Z,2,coded,0.5595,Hostile,Accusing Jews as a people of being responsible for real or imagined wrongdoing,media control; bank control,
post-1000,Loyalty to a foreign state should disqualify you from public office. That applies to everyone — no exceptions. ‼️,user_047334,telegram,2025-03-10T23:09:00Z,1,subtle,0.2682,Negative,Accusing Jewish citizens of dual loyalty,dual loyalty,
